Name	beta_ms	se_ms	N_ms	beta_ebna	se_ebna	N_ebna	gene
A*03:01	0.295679	0.0185459	47850	0.127164	0.023266	7247	A
A*24:02	0.141085	0.0239362	47850	0.0222647	0.032062	7247	A
A*23:01	-0.0131071	0.054354	47850	0.0669832	0.059978	7247	A
A*02:01	-0.380547	0.0162926	47850	-0.0375408	0.018859	7247	A
A*11:01	0.0420248	0.0292223	47850	0.00832992	0.033587	7247	A
A*01:01	0.0861208	0.018197	47850	-0.0580756	0.020494	7247	A
A*29:02	-0.0104255	0.0393489	47850	-0.0720357	0.041299	7247	A
A*32:01	0.030046	0.0362229	47850	0.0719138	0.04609	7247	A
A*25:01	0.189003	0.0446062	47850	0.10521	0.063083	7247	A
A*26:01	-0.007926	0.0480152	47850	0.0794552	0.058484	7247	A
A*68:01	-0.236752	0.0396904	47850	0.0313948	0.0481	7247	A
A*02:05	-0.0251556	0.0757475	47850	0.0558787	0.096619	7247	A
A*31:01	0.0364754	0.0395709	47850	-0.079093	0.076289	7247	A
A*68:02	0.528537	0.0782252	47850	0.028448	0.10223	7247	A
A*02:06	0.0322793	0.123702	47850	0.0481399	0.081688	7247	A
C*07:02	0.532337	0.0179956	47850	0.140793	0.022921	7247	C
C*05:01	-0.323605	0.0258351	47850	-0.071391	0.026032	7247	C
C*07:01	0.0253263	0.0188244	47850	-0.0691404	0.02162	7247	C
C*04:01	-0.035032	0.0231338	47850	0.00208831	0.031888	7247	C
C*08:02	0.208416	0.0388462	47850	-0.0607966	0.042716	7247	C
C*03:04	-0.238535	0.0261232	47850	-0.0147996	0.031416	7247	C
C*06:02	-0.0919639	0.0248235	47850	-0.0740243	0.02884	7247	C
C*16:01	-0.15337	0.0417109	47850	-0.102655	0.039797	7247	C
C*01:02	-0.261451	0.0401764	47850	0.00670333	0.045442	7247	C
C*02:02	-0.187891	0.0342902	47850	0.0135522	0.044433	7247	C
C*15:02	0.25734	0.0447036	47850	0.200356	0.06675	7247	C
C*03:03	-0.21304	0.0313286	47850	0.0724239	0.040684	7247	C
C*12:03	-0.0425525	0.034003	47850	0.105455	0.050501	7247	C
C*07:04	-0.367686	0.0576044	47850	0.198494	0.062228	7247	C
C*14:02	-0.0183984	0.0634158	47850	0.0327819	0.088166	7247	C
B*07:02	0.562014	0.0188757	47850	0.152298	0.022644	7247	B
B*35:01	-0.0305798	0.0311627	47850	0.00731583	0.03978	7247	B
B*08:01	0.0200201	0.0215259	47850	-0.122881	0.023121	7247	B
B*15:01	-0.112366	0.02745	47850	0.0187943	0.033136	7247	B
B*40:01	-0.309222	0.0326523	47850	4.82048e-4	0.036436	7247	B
B*14:02	0.186282	0.0458086	47850	-0.0259273	0.050325	7247	B
B*55:01	-0.481027	0.0673936	47850	-0.178132	0.065516	7247	B
B*39:06	0.262808	0.0856542	47850	-0.11068	0.088667	7247	B
B*51:01	0.1009	0.0319883	47850	0.147216	0.045722	7247	B
B*44:03	-0.204491	0.036384	47850	-0.106673	0.035844	7247	B
B*50:01	0.106829	0.0736634	47850	-0.0017279	0.089169	7247	B
B*13:02	-0.31732	0.0519611	47850	-0.23759	0.06256	7247	B
B*44:02	-0.49223	0.0277273	47850	0.0131591	0.027249	7247	B
B*27:05	-0.285241	0.0375516	47850	-0.0348038	0.039372	7247	B
B*38:01	-0.758637	0.0751065	47850	0.0351666	0.097819	7247	B
B*40:02	-0.135495	0.0693039	47850	-0.068174	0.082508	7247	B
B*39:01	-0.106204	0.0885246	47850	-0.00143451	0.081569	7247	B
B*57:01	-0.345577	0.0434418	47850	-0.146615	0.043802	7247	B
B*18:01	0.272156	0.0316274	47850	0.0284006	0.04474	7247	B
B*37:01	0.442046	0.0526436	47850	0.0716441	0.067917	7247	B
B*58:01	-0.0784378	0.0927041	47850	-0.0453883	0.108239	7247	B
B*35:03	0.183517	0.0639639	47850	0.0266236	0.083365	7247	B
B*45:01	0.108789	0.0914097	47850	-0.0287539	0.112571	7247	B
B*14:01	0.152668	0.0758712	47850	-0.0851598	0.074893	7247	B
B*49:01	-0.0747228	0.0652437	47850	0.099417	0.069109	7247	B
DRB1*04:04	0.0190154	0.038494	47850	-0.103999	0.041254	7247	DRB1
DRB1*15:01	1.04898	0.0192445	47850	0.230938	0.022381	7247	DRB1
DRB1*01:03	0.204617	0.134235	47850	0.10807	0.05958	7247	DRB1
DRB1*11:01	-0.404763	0.0385567	47850	0.263989	0.04021	7247	DRB1
DRB1*07:01	-0.345529	0.0237903	47850	-0.200262	0.023955	7247	DRB1
DRB1*04:01	-0.469431	0.0284716	47850	-0.128493	0.025445	7247	DRB1
DRB1*13:03	0.622053	0.060783	47850	0.186546	0.081386	7247	DRB1
DRB1*11:04	-0.332621	0.0878236	47850	0.256571	0.073614	7247	DRB1
DRB1*01:01	-0.441304	0.0302528	47850	0.00118058	0.029037	7247	DRB1
DRB1*03:01	0.0222403	0.0213099	47850	-0.175205	0.03932	7247	DRB1
DRB1*13:02	-0.273576	0.0373114	47850	0.053215	0.042091	7247	DRB1
DRB1*13:01	-0.458973	0.0336876	47850	0.13938999999999999	0.035844	7247	DRB1
DRB1*04:05	0.137058	0.168868	47850	-0.0490665	0.107657	7247	DRB1
DRB1*09:01	-0.617092	0.0817602	47850	0.220365	0.071217	7247	DRB1
DRB1*12:01	-0.510963	0.0656828	47850	0.479853	0.066985	7247	DRB1
DRB1*08:01	0.173372	0.041976	47850	-0.131939	0.082394	7247	DRB1
DRB1*01:02	-0.339187	0.0858157	47850	-0.27171	0.10224	7247	DRB1
DRB1*10:01	-0.24356	0.0853134	47850	-0.0886467	0.113333	7247	DRB1
DQB1*03:02	-0.1211	0.0233471	47850	-0.037664	0.029338	7247	DQB1
DQB1*06:02	1.05311	0.0184222	47850	0.186779	0.028644	7247	DQB1
DQB1*05:01	-0.344512	0.0234665	47850	-0.0202154	0.033538	7247	DQB1
DQB1*06:04	-0.425096	0.0425568	47850	-0.0294505	0.052987	7247	DQB1
DQB1*02:01	0.0557006	0.0204214	47850	-0.190226	0.025958	7247	DQB1
DQB1*06:03	-0.358763	0.0313959	47850	0.123018	0.041578	7247	DQB1
DQB1*02:02	-0.249099	0.0261202	47850	-0.16097	0.031803	7247	DQB1
DQB1*03:01	-0.389981	0.0194338	47850	0.101293	0.027817	7247	DQB1
DQB1*03:03	-0.498751	0.0381274	47850	-0.0475413	0.046829	7247	DQB1
DQB1*05:03	-0.594984	0.0527051	47850	0.201862	0.062035	7247	DQB1
DQB1*06:09	0.30946	0.06885	47850	0.150262	0.083626	7247	DQB1
DQB1*05:02	-0.0763466	0.0594536	47850	0.185307	0.098656	7247	DQB1
DQB1*04:02	0.162404	0.0392521	47850	0.0247588	0.067904	7247	DQB1
