A*03:01	A*24:02	A*23:01	A*02:01	A*11:01	A*01:01	A*29:02	A*32:01	A*25:01	A*26:01	A*68:01	A*02:05	A*31:01	A*68:02	A*02:06	C*07:02	C*05:01	C*07:01	C*04:01	C*08:02	C*03:04	C*06:02	C*16:01	C*01:02	C*02:02	C*15:02	C*03:03	C*12:03	C*07:04	C*14:02	B*07:02	B*35:01	B*08:01	B*15:01	B*40:01	B*14:02	B*55:01	B*39:06	B*51:01	B*44:03	B*50:01	B*13:02	B*44:02	B*27:05	B*38:01	B*40:02	B*39:01	B*57:01	B*18:01	B*37:01	B*58:01	B*35:03	B*45:01	B*14:01	B*49:01	DRB1*04:04	DRB1*15:01	DRB1*01:03	DRB1*11:01	DRB1*07:01	DRB1*04:01	DRB1*13:03	DRB1*11:04	DRB1*01:01	DRB1*03:01	DRB1*13:02	DRB1*13:01	DRB1*04:05	DRB1*09:01	DRB1*12:01	DRB1*08:01	DRB1*01:02	DRB1*10:01	DQB1*03:02	DQB1*06:02	DQB1*05:01	DQB1*06:04	DQB1*02:01	DQB1*06:03	DQB1*02:02	DQB1*03:01	DQB1*03:03	DQB1*05:03	DQB1*06:09	DQB1*05:02	DQB1*04:02
1	-0.1141	-0.0537699	-0.234619	-0.100647	-0.197541	-0.0822263	-0.0863082	-0.0457408	-0.0599572	-0.0702981	-0.0355608	-0.0354954	-0.0328916	-0.0389845	0.290528	-0.0789074	-0.122969	0.0658185	0.0669115	-0.027467	-0.0564653	-0.0557652	-5.78392e-4	-0.0102011	-0.0167123	-0.0313605	-0.0401507	-0.0109419	-0.0183466	0.294307	0.113366	-0.127919	-0.0197252	-0.0278498	0.100732	-0.0285864	-0.0126943	-0.00283166	-0.0641036	-0.0277115	-0.0447195	-0.0820896	-0.0119528	-0.0230573	-0.0186877	-0.0199686	-0.0401916	-0.0191201	-0.0228074	-0.0231725	0.0202413	-0.0150229	-0.0276374	-0.0238371	-0.010265700000000001	0.165511	-0.00528432	-0.0206368	-0.0629558	-0.0314043	-0.0197465	-0.0230344	0.0891128	-0.062506	0.032351	-0.011447	0.00571699	0.00160521	-0.0156856	-0.00523664	-0.00916857	-0.0155883	-0.00746131	0.105419	0.0387301	-0.024247	-0.0815698	-0.0140539	-0.0388549	-0.0223374	-0.0148552	-0.00710034	0.0890323	-6.7147e-4	-0.00170096
-0.1141	1	-0.0395346	-0.166357	-0.0676097	-0.130703	-0.0581404	-0.0477563	-0.0342049	-0.0380725	-0.0480803	-0.0214377	-0.011663	-0.0210719	-0.0359545	0.0609173	-0.0344025	-0.0618461	0.0127089	-0.0328269	-0.00775713	-0.0272504	-0.0366866	0.0171175	0.0350471	0.00175413	0.111671	0.0106243	-0.0175956	-0.00440618	0.0238428	3.79957e-4	-0.0719886	0.0548666	0.0027612	-0.0165686	0.0545151	0.123338	0.00617446	-0.0389576	-0.0142721	-0.0141658	-0.0319998	0.00434637	-0.00165543	0.00829227	-0.00382054	-0.00564402	0.0143023	-0.00994663	-0.0122778	0.0370823	-0.0118849	-0.0189677	-0.00437612	0.0402352	0.00869613	0.0292837	0.0277566	-0.0319651	-0.0256391	-0.0101975	0.0479731	-0.00981598	-0.0267077	0.00461203	0.0289047	-0.0118285	0.0143302	0.00240311	0.0161488	0.00515898	-0.00114636	0.0177483	0.00369457	0.00158394	0.015197	-0.0471283	0.0236249	-0.0266023	0.0141275	0.00612817	0.0330151	-0.016806	0.0148088	0.0157254
-0.0537699	-0.0395346	1	-0.0778661	-0.0328737	-0.0615622	-0.0268635	-0.0218881	-0.0190716	-0.0188188	-0.0234663	-0.0111416	-0.00721533	-0.0106662	-0.0200858	-0.0440528	-0.0332938	-0.00456358	0.197723	-0.00499433	-0.0296422	-0.0127107	-0.0231068	-0.015394	-0.011232	-0.0153079	-0.0215073	-0.0181926	-0.014683	-0.0102233	-0.041519	-0.0212265	-0.0436589	-0.0266187	-0.0257856	0.00338589	-0.0144087	-0.0105874	-0.0223785	0.263872	0.0328916	-0.00910006	-0.0362703	-0.0216169	0.00693883	-0.00644187	-0.00888561	-0.0255002	-0.00827736	-0.0123927	-0.00139414	-0.0105849	0.00384746	-0.0127709	0.141213	-0.0142176	-0.0232991	-0.0112443	0.0257111	0.103257	-0.0346663	-5.05804e-5	0.016027	-0.0184627	-0.00749534	-0.00737887	-0.0137807	0.00474866	-0.0081318	-0.0088937	-0.00691114	0.00814816	-6.41618e-4	-0.0182674	-0.0132969	-0.0139994	-0.00782475	-0.0140487	-0.0094975	0.111081	-0.0123122	-0.0228497	-0.00943435	0.00400259	0.0060897	-0.00275589
-0.234619	-0.166357	-0.0778661	1	-0.146612	-0.280475	-0.118722	-0.101324	-0.0768041	-0.0847129	-0.103173	-0.0632073	-0.0848376	-0.053568	0.00133071	-0.0475932	0.253982	-0.140297	-0.0781229	-0.0520702	0.13161	-0.0179694	-0.0703085	0.0407077	0.0215332	-0.011768	0.035641	-0.0471995	-0.0034663	0.0508365	-0.0427532	-0.0615849	-0.157772	0.130476	0.0770351	-0.0630289	-0.0318366	-0.0287366	0.0383272	-0.0739727	-0.0189795	0.0218421	0.260226	0.0432403	-0.0410078	0.0109582	0.0104967	2.68064e-4	-0.0288434	-0.0249273	-0.0219208	-0.0154602	-0.0228038	-0.0142433	-0.020695	-0.0232312	-0.0222356	0.00846728	0.0105865	-0.0334021	0.19120500000000001	-0.0343821	0.00711772	-0.0113426	-0.0607823	0.0144441	0.0281225	-0.00672057	0.0105897	0.0366063	0.0348969	-0.0373693	-0.00540365	0.0301085	-0.00664577	-0.00506274	0.0281726	-0.108033	0.0225277	-0.0287663	0.0970005	0.00108173	-0.0114457	-0.0234479	0.00440618	0.0265153
-0.100647	-0.0676097	-0.0328737	-0.146612	1	-0.117602	-0.0525973	-0.0521843	-0.0352587	-0.0352909	-0.0436922	-0.0218545	-0.0137322	-0.0204745	-0.0421885	-0.0265539	-0.0296053	-0.0652207	0.162492	-0.0297146	-0.0334581	-0.0540894	-0.0242597	0.0317703	0.0140915	0.0665898	0.0288042	-0.0257461	-0.0190953	-0.0110357	-0.0307805	0.195017	-0.0728146	-0.0123269	-0.0267149	-0.0280463	0.155076	-0.00962057	0.0358518	-0.0250299	-0.0127442	-0.0374733	-0.0491648	0.0244931	-0.00707349	0.00922891	-0.0109488	-0.0352959	0.00630263	-0.0134034	-0.0124037	-0.010075	-0.0122337	-0.0118504	-0.0206562	0.0138754	-0.016293	0.0907707	-0.00563951	-0.0325137	-0.0249921	-0.0156075	-0.0108936	0.055277	-0.0329109	-0.0183326	7.83977e-4	-0.00286889	0.00670366	-0.00249912	0.004781	-0.0139504	-0.00693029	0.00443732	-0.0189142	0.0571084	-0.0152117	-0.0488964	3.26196e-4	-0.0147456	0.00169975	-0.0163375	0.0591618	-0.00566644	-0.0049723	-0.00355835
-0.197541	-0.130703	-0.0615622	-0.280475	-0.117602	1	-0.0992986	-0.088752	-0.0601981	-0.0717569	-0.083539	-0.0421392	-0.0245093	-0.0377427	-0.0759059	-0.126293	-0.130319	0.535893	-0.0866585	-0.0772597	-0.0957291	0.117749	-0.0795226	-0.0585603	-0.0619102	-0.0387456	-0.056624	-0.0610827	-0.0423213	-0.0357261	-0.117661	-0.0686773	0.600945	-0.0722777	-0.0795702	-0.0605465	-0.0311466	-0.0258195	-0.0580586	-0.0875079	-0.027974	-0.0388367	-0.116976	-0.072133	-0.0277649	-0.0295068	-0.0356942	0.15995	-0.0632401	0.113811	-0.00770926	-0.0312748	-0.0227118	-0.0405223	-0.0309303	-0.0406395	-0.0796499	-0.0361229	-0.0474394	-0.0212697	-0.0930642	-0.0315522	-0.0216235	-0.047695799999999997	0.22204	-0.0425477	-0.0451567	-0.0230149	-0.0279564	-0.0347273	-0.0376837	-0.0305145	0.0268886	-0.0561399	-0.0527605	-0.0375512	-0.0270467	0.368033	-0.0325427	-0.0958163	-0.0892115	0.0782578	-0.0210458	-0.032159600000000003	-0.0243964	-0.0202592
-0.0822263	-0.0581404	-0.0268635	-0.118722	-0.0525973	-0.0992986	1	-0.0383464	-0.022996	-0.030669	-0.0361477	-0.0184372	-0.0438864	-0.0168239	-0.0320279	-0.0602034	-0.0631303	-0.0842947	-0.0436474	-0.0168348	-0.0440126	-0.00642363	0.6486	-0.0312014	-0.0322378	-0.0202866	-0.027214	-0.0271164	-0.0225074	-0.0139569	-0.0560072	-0.0360725	-0.0709471	-0.0429199	-0.0373114	-0.0154386	-0.0169839	-0.013831	-0.0318196	0.512895	-0.0116912	-0.0165318	-0.063873	-0.0324823	-0.0142783	-0.0139125	-0.0144976	-0.0296983	-0.0347566	-0.0156982	0.00995057	-0.0139422	0.125334	-0.0123511	-0.0139842	-0.0230538	-0.0342177	-0.0147654	-0.0121988	0.230838	-0.00798334	0.00154932	-0.0190314	-0.042072	-0.0264056	-0.0191679	-0.0224996	2.82558e-4	-0.0117199	-0.0160682	-0.0156633	-0.0124027	-0.00526309	-0.028507	-0.0133639	-0.0312481	-0.0154763	-0.0500478	-0.0149059	0.237491	-0.0270012	-0.027778	-0.0132633	-0.00292614	-0.0106871	-0.0139455
-0.0863082	-0.0477563	-0.0218881	-0.101324	-0.0521843	-0.088752	-0.0383464	1	-0.0211764	-0.0251725	-0.030461	-0.0160789	-0.0393609	-0.0138859	-0.0254337	-0.047735	0.0457636	-0.0509177	-0.0155112	0.0893478	0.00296766	-0.0292204	-0.0191656	0.015549199999999999	0.0793543	0.0143296	0.0141484	-0.0125415	0.00127567	0.00811912	-0.0488237	-0.0119035	-0.0488127	0.00454507	0.0153247	-0.0206538	-0.00913232	0.00442647	-0.0036668	-0.0196247	-4.29355e-4	-0.00764281	0.0505619	0.0387955	-0.00277543	0.1273	0.00295253	-0.0211782	-0.020329	-0.0143075	-0.00910814	8.97439e-4	-0.0111267	0.189766	-0.00982138	0.0167583	-0.0227121	-0.0125192	0.0367993	0.0206825	-0.0167572	-0.0117201	0.00262325	0.00328596	-0.0171232	-0.00794047	0.00458581	-0.00864848	0.0237243	0.0619035	-0.00169076	-0.00317532	-0.00728323	-0.00195814	-0.0123744	-0.0012613	-2.48769e-4	-0.0318625	0.00331288	0.0249951	0.021637	-6.36219e-4	0.003335	-0.0119457	0.00902146	-0.00428435
-0.0457408	-0.0342049	-0.0190716	-0.0768041	-0.0352587	-0.0601981	-0.022996	-0.0211764	1	-0.024621	-0.0189325	-0.0127373	-0.0275694	-0.0103561	-0.0216858	-0.0312466	-0.00241872	-0.0206111	-0.0272023	-0.0212546	-0.0142833	-0.031630900000000003	-0.0142661	-0.00879015	-0.0116274	-0.0129302	-0.0115664	0.331048	-0.00852909	-0.0117468	-0.028481	-0.0225765	-0.0187791	-0.0179591	-0.0141906	-0.0187559	-0.0070435	-0.0113383	-0.0157704	-0.0199659	-0.00766455	-0.0172582	-0.00235489	-0.0127049	-0.00754243	-0.0105618	0.0938297	-0.0197944	0.235935	-0.0112415	0.0790307	-0.00543475	-0.00802281	-0.0125676	-0.0108286	-0.0184443	0.0656652	-0.0042407	0.0235078	-0.015764	-0.00725307	0.0470995	-0.00762578	-0.00841029	-0.00568914	-0.0165745	-0.00893354	-0.00614298	-0.00637129	-0.00779943	-0.00441968	-0.0066292	0.00377417	-0.0050583	0.0444174	-0.010232	-0.0125047	-0.0111072	-0.00922177	-0.00510444	0.0107556	-0.0122718	2.39568e-4	-0.0110531	0.00612913	0.00136601
-0.0599572	-0.0380725	-0.0188188	-0.0847129	-0.0352909	-0.0717569	-0.030669	-0.0251725	-0.024621	1	-0.0268865	-0.00906672	-0.0316006	-0.012018	-0.0235668	-0.0383086	-0.0233705	-0.0360607	-0.0111724	0.0250453	-0.0265796	0.0169684	-0.0163722	0.072779	0.0014992	-0.00774883	-0.00341302	0.154338	-0.0096085	-0.00398069	-0.0394652	-0.0145199	-0.0501139	-0.0194728	-0.0229722	-0.0143045	0.0230831	-0.00673016	-0.00389487	-0.0178318	-0.00375313	-0.00928466	-0.022587	0.0542626	0.263745	-0.00570254	0.00664593	-0.0148146	-0.018998	0.00538333	-0.00336984	0.0014268	0.107879	0.0649769	0.0398567	-0.0109181	-0.0334122	-0.0129263	0.00589089	0.0146502	-0.0247186	-0.00513567	0.0183876	0.0270983	-0.017599	-1.56518e-4	0.0360464	-0.00519041	0.00238569	2.5066e-4	-3.75371e-4	4.8029e-4	-9.97794e-4	0.0017919	-0.0276457	0.00805377	-1.5598e-4	-0.0347676	0.0299607	0.0188532	-0.0039887	-0.00564414	0.00942704	0.00168454	0.0249606	-0.00438523
-0.0702981	-0.0480803	-0.0234663	-0.103173	-0.0436922	-0.083539	-0.0361477	-0.030461	-0.0189325	-0.0268865	1	-0.014747	-0.0272782	-0.012798	-0.0291767	-0.0438493	-0.0116352	-0.0496144	0.00976876	-0.0191593	0.0439562	-0.0342559	-0.022341	-0.00478375	0.0186144	0.0336645	-0.0148867	-0.0142792	0.299545	0.0251576	-0.0431856	-0.0131927	-0.048804	-0.0194066	0.0606666	-0.0161695	-0.00537511	-0.00645531	0.0321822	-0.022439	-0.00985204	-0.0150273	0.0853876	0.0248233	-0.0102045	-0.00813771	-0.00175032	-0.0240111	-0.00347048	-0.0117082	-0.00540439	0.0756174	-0.00974304	-0.0111085	-0.0116417	0.0139169	-0.0214858	-0.00922656	0.0425337	-0.0282067	0.00800433	-0.0103937	-0.00668025	0.00749669	-0.0128228	0.0362832	0.0426385	-0.00549868	0.00762929	-0.00668617	0.00582378	-0.0079035	-0.00362904	0.01295	-0.0190865	0.00109064	0.0388624	-0.0257567	0.0331014	-0.0182264	0.0134742	-0.00910825	-8.86117e-5	-0.00615168	-0.00165897	0.00198428
-0.0355608	-0.0214377	-0.0111416	-0.0632073	-0.0218545	-0.0421392	-0.0184372	-0.0160789	-0.0127373	-0.00906672	-0.014747	1	-0.0134336	-0.00852852	-0.0143129	-0.0305129	-0.0255694	0.0253792	-0.0158149	-0.00648648	-0.0189029	0.109833	-0.0155805	-0.0115498	-0.0138328	-0.00916025	-0.0156323	-0.00238118	-0.0133508	-0.00694137	-0.0281633	-0.0136847	-0.0351704	-0.0185651	-0.017067	-0.00158441	-0.0110595	-0.00660378	-0.0142952	-0.018911	0.389903	-0.00795923	-0.0252802	-0.0137626	-0.00163111	-0.00727934	-0.00804793	-0.0142837	-0.0121915	-0.00650395	0.113346	-0.00484851	0.00105748	-0.00846338	0.177233	-0.0146055	-0.0189473	-0.00626158	-0.01304	0.0575474	-0.0122629	-0.00295828	1.88605e-4	-0.0248621	-0.010882	0.00679761	-0.0101797	0.138324	-0.00615473	-0.00286068	-0.00452696	0.0150099	3.78138e-5	0.00483834	-0.0127091	-0.0101248	-0.00825618	-0.0159766	-0.00717969	0.058679	-0.00620764	-0.0122137	-0.00671379	0.0269274	-0.00353249	-0.0045317
-0.0354954	-0.011663	-0.00721533	-0.0848376	-0.0137322	-0.0245093	-0.0438864	-0.0393609	-0.0275694	-0.0316006	-0.0272782	-0.0134336	1	-0.00820258	-0.0169171	-0.0244265	-0.0227079	-0.0164189	0.00365783	-0.0141601	0.111068	-0.0188322	-0.027568	-0.00199068	0.0215338	0.0722492	-0.00255735	-0.00538766	-0.0148653	8.84046e-5	-0.0223868	0.0012641	-0.0190359	-0.00432325	0.131808	-0.0107205	-0.00683789	-0.0031343400000000002	0.0462367	-0.0223508	-0.0095676	-0.00860729	-0.0206409	0.02292	-0.00978385	-0.009036	0.00789881	-0.0107642	-0.00894907	-0.00129524	-0.00900982	0.00327975	-0.0112621	-0.0071376	-5.84409e-5	0.122151	-0.0165085	-0.0070365	-0.00788468	-0.0254509	-0.00272923	-0.00730562	-8.29881e-4	-0.00163877	5.72675e-4	-0.00838179	-0.00302067	-0.00486206	0.0116675	-0.00551446	0.00396376	-0.00636919	0.00508724	0.0858724	-0.0124655	0.00485876	-0.00752415	-0.0105471	-2.82688e-4	-0.0169015	-0.00255983	0.00130446	0.00189957	-0.00300632	-0.00147565	-0.001246
-0.0328916	-0.0210719	-0.0106662	-0.053568	-0.0204745	-0.0377427	-0.0168239	-0.0138859	-0.0103561	-0.012018	-0.012798	-0.00852852	-0.00820258	1	-0.0130889	-0.0310551	-0.021797	-0.027253200000000002	0.0406504	0.220567	-0.0203474	-0.0181306	-0.011638	-0.0128741	-0.00890826	-0.00966506	-0.00867748	-0.00737178	-0.0110413	-0.00615742	-0.0296729	-0.0141474	-0.027612	-0.012384	-0.0184572	0.27312	-0.012442	-0.00470242	-0.0134659	-0.0158341	-0.00430366	-0.0088003	-0.0228456	-0.0131777	-0.00327973	-0.00690636	-0.0056835	-0.0100689	-0.00811928	-0.0075169	-0.00269272	-0.00718189	-0.00464767	-0.00884525	-0.00683598	-0.0132834	-0.0200107	-0.00860386	-0.0087981	-0.0213964	-0.0142287	0.349498	-0.00511047	-0.0148046	-0.0104767	0.0478695	-0.0144276	-0.00475775	-0.00876393	-0.00240168	-0.0020741	0.0539628	-0.00196886	-0.0154974	-0.0124171	-0.00228965	0.0665307	-0.0215452	-0.0122541	-0.0159609	0.0484206	-0.0130841	-0.00706507	-0.00613797	-0.00131716	4.01935e-4
-0.0389845	-0.0359545	-0.0200858	0.00133071	-0.0421885	-0.0759059	-0.0320279	-0.0254337	-0.0216858	-0.0235668	-0.0291767	-0.0143129	-0.0169171	-0.0130889	1	0.148133	-0.00691502	-0.0589752	-0.0273642	-0.00429701	-0.0210477	-0.0363737	-0.0276178	-0.0164825	-0.017424	-0.0117116	0.0289825	0.0290238	-0.0169892	-0.0039805	0.154273	-0.0144542	-0.0570031	-0.0196986	-0.0223256	-0.0218458	-0.0180322	0.0261879	-0.0130939	-0.0321563	-0.00785213	-0.0150019	-0.0173362	0.0229712	0.0230387	-0.00743263	0.0798533	-0.0237798	-0.00769761	-0.0160677	-0.00441176	-0.00946833	-0.0100572	0.0251647	-0.00983536	-0.0112696	0.0760708	0.00812162	-0.00797093	-0.0273265	0.0133149	-0.00691956	-0.0103307	-0.0055559	-0.0233043	-0.00993029	-7.06725e-5	-0.00406089	0.00328732	0.00771587	0.017878	-0.011076	-0.00464348	0.00880688	0.0475606	-0.00716374	-0.00784087	-0.0349445	-0.00403681	-0.0175004	-0.0109134	-0.0114657	-0.00359434	-0.00670549	0.00400496	0.0144255
0.290528	0.0609173	-0.0440528	-0.0475932	-0.0265539	-0.126293	-0.0602034	-0.047735	-0.0312466	-0.0383086	-0.0438493	-0.0305129	-0.0244265	-0.0310551	0.148133	1	-0.137478	-0.182531	-0.108332	-0.0837227	-0.112241	-0.12993	-0.0855485	-0.0720647	-0.072843	-0.047112	-0.0932136	-0.0776668	-0.0571373	-0.0390456	0.89774	-0.0953615	-0.159208	-0.103797	-0.094324	-0.067767	-0.0497183	0.19477	-0.0678307	-0.092594	-0.0389648	-0.0545458	-0.130231	-0.0788194	-0.0462042	-0.0382213	0.0345741	-0.0807677	-0.0750527	-0.0482571	-0.0323192	-0.0422605	-0.02958	-0.0446983	-0.0426107	-0.00974488	0.461785	0.0241743	-0.0453928	-0.114285	-0.0630661	-0.0283933	-0.0425011	-0.00562739	-0.0874481	-0.0445482	-0.0385038	-0.0249527	-0.00725143	-0.0169566	0.0133809	-0.0326191	-0.0242563	-0.0293089	0.330303	-0.0313773	-0.0356732	-0.101001	-0.043807	-0.0682717	-0.03133	-0.0283111	-0.00961051	-0.0332453	-0.016187	0.0336932
-0.0789074	-0.0344025	-0.0332938	0.253982	-0.0296053	-0.130319	-0.0631303	0.0457636	-0.00241872	-0.0233705	-0.0116352	-0.0255694	-0.0227079	-0.021797	-0.00691502	-0.137478	1	-0.155653	-0.0799306	-0.0658378	-0.0919125	-0.100266	-0.0790436	-0.0647811	-0.0750573	-0.0432853	-0.076109	-0.0580118	-0.044574	-0.0316575	-0.130154	-0.0677576	-0.145103	-0.082351	-0.0806403	-0.0515616	-0.0390774	-0.0244252	-0.0592331	-0.0869181	-0.0314392	-0.0387585	0.748996	-0.0635587	-0.0348545	-0.0300088	-0.0303639	-0.062499	0.148639	-0.0383835	-0.0218965	-0.0336514	-0.0366712	-0.0307837	-0.0341751	-0.0307185	-0.0501128	-0.0235796	-0.0117222	-0.0932937	0.276828	-0.0255293	-3.6598e-4	-0.0251647	-0.0123001	-0.051592	0.0362264	-0.0197564	-0.00596942	0.0926973	0.00401519	-0.0257998	-0.0135255	-0.0409669	-0.0210026	-0.0152287	-0.0377619	-0.0364847	0.0389964	-0.0687854	0.188258	-0.0443117	-0.0139091	-0.0230639	-0.0192744	-0.0201102
-0.122969	-0.0618461	-0.00456358	-0.140297	-0.0652207	0.535893	-0.0842947	-0.0509177	-0.0206111	-0.0360607	-0.0496144	0.0253792	-0.0164189	-0.027253200000000002	-0.0589752	-0.182531	-0.155653	1	-0.118146	-0.0915945	-0.116653	-0.137816	-0.103915	-0.0797614	-0.0838268	-0.0485025	-0.0972061	-0.0794743	-0.0596784	-0.0418117	-0.17238	-0.0865224	0.857467	-0.109138	-0.101512	-0.0734457	-0.0563438	-0.0359261	-0.0730247	-0.114815	-0.0393038	-0.0580493	-0.136479	-0.0915894	-0.0457449	-0.0414966	-0.0418366	-0.068864	0.0978442	-0.0493309	-0.0313729	-0.0449709	-0.0289247	-0.0471942	0.231186	-0.0488025	-0.113018	-0.049149	-0.0338623	-0.134504	-0.111251	-0.0301793	0.036409	-0.0541489	0.307112	-0.0347799	-0.0660332	0.0482657	-0.0183841	-0.0306868	-0.0435009	-0.0342532	-0.0251537	-0.0550688	-0.0744191	-0.0652188	-0.0114623	0.528141	-0.0553521	-0.129268	-0.085903	-0.0339385	-0.0360605	-0.0366261	-0.0262128	-0.0233123
0.0658185	0.0127089	0.197723	-0.0781229	0.162492	-0.0866585	-0.0436474	-0.0155112	-0.0272023	-0.0111724	0.00976876	-0.0158149	0.00365783	0.0406504	-0.0273642	-0.108332	-0.0799306	-0.118146	1	-0.0495851	-0.0879044	-0.0760038	-0.0573229	-0.0782033	-0.0545556	-0.032414	-0.0775255	-0.0416205	-0.0349243	-0.0390002	-0.115198	0.614122	-0.104633	-0.0592277	-0.0674283	-0.038573	-0.0454222	-0.0231707	-0.0391682	0.133205	-0.0112186	-0.0335583	-0.0875658	-0.0699082	-0.0163183	-0.0282436	-0.0248674	-0.0488028	-0.0476942	-0.0301436	-0.0167224	0.234063	-0.0179569	-0.0289938	-0.0294751	-0.0334972	-0.0699532	0.120833	-0.0125503	0.0209404	-0.0724628	0.00319616	0.0557437	0.171171	-0.0520373	0.00390007	-0.0318174	-0.0111618	-0.0172695	0.0128864	0.00805619	-0.00576116	-0.00632413	-0.0369752	-0.057776	0.154077	0.0120805	-0.0704285	-0.0264501	0.0446796	-0.0117291	-0.0391933	0.0202379	-0.00451381	0.00649991	8.97279e-6
0.0669115	-0.0328269	-0.00499433	-0.0520702	-0.0297146	-0.0772597	-0.0168348	0.0893478	-0.0212546	0.0250453	-0.0191593	-0.00648648	-0.0141601	0.220567	-0.00429701	-0.0837227	-0.0658378	-0.0915945	-0.0495851	1	-0.0565166	-0.0617982	-0.0432774	-0.0370422	-0.0375872	-0.0295002	-0.0482048	-0.0325972	-0.0281877	-0.0209122	-0.0814068	-0.0470005	-0.0850347	-0.0474102	-0.0373826	0.776945	-0.034923	-0.0154547	-0.0345021	-0.0427181	-0.0177682	-0.024777	-0.0490759	-0.0370967	-0.0176403	-0.0204739	-0.020462	-0.0403409	-0.0374229	-0.0231684	-0.0135028	-0.0206784	-0.0153206	0.526072	-0.021717	-0.0257742	-0.0489658	-0.0123877	-0.0315962	0.085641900000000007	-0.0427312	0.152393	-0.0170876	-0.0378227	-0.0278233	0.150409	-0.0328354	0.0124432	-0.0166441	-0.0117504	-0.0185332	0.277137	-0.0127781	-0.0295439	-0.0439943	0.0205784	-0.0254763	-0.0326733	-0.0322916	0.090114	-0.0117451	-0.0290065	-0.022222	0.29895	-0.0139089	-0.014213
-0.027467	-0.00775713	-0.0296422	0.13161	-0.0334581	-0.0957291	-0.0440126	0.00296766	-0.0142833	-0.0265796	0.0439562	-0.0189029	0.111068	-0.0203474	-0.0210477	-0.112241	-0.0919125	-0.116653	-0.0879044	-0.0565166	1	-0.07975	-0.0561755	-0.0608235	-0.0424151	-0.0334705	-0.0824366	-0.0473297	-0.0365068	-0.0255069	-0.100348	-0.0504402	-0.106452	0.217351	0.775188	-0.0457736	-0.0451461	-0.0258808	-0.0411365	-0.0627791	-0.0227224	-0.0349851	-0.0886748	-0.0545878	-0.0290104	-0.018673	-0.0243336	-0.0511883	-0.0516399	-0.0311914	-0.0205398	-0.0254353	-0.0183833	-0.0317025	-0.0314263	0.221413	-0.056556	-0.0318734	-0.0324485	-0.0685204	0.127037	-0.0239371	-0.0255162	-0.0285488	-0.0389182	0.141945	-0.0114248	-0.0160286	0.0216396	-0.0146609	0.0214312	-0.0258491	-0.0113376	0.251657	-0.0464669	-0.0180865	0.162472	-0.0773921	-0.0091024	-0.0406189	-0.0376411	-0.00766415	-0.0189488	-0.0265078	-0.0138944	0.0210566
-0.0564653	-0.0272504	-0.0127107	-0.0179694	-0.0540894	0.117749	-0.00642363	-0.0292204	-0.031630900000000003	0.0169684	-0.0342559	0.109833	-0.0188322	-0.0181306	-0.0363737	-0.12993	-0.100266	-0.137816	-0.0760038	-0.0617982	-0.07975	1	-0.0669406	-0.0544587	-0.0539624	-0.0471681	-0.0502376	-0.0510596	-0.0399229	-0.0297811	-0.122722	-0.057997	-0.128135	-0.0780467	-0.0713508	-0.0509885	-0.0380035	-0.0256151	-0.0579141	-0.0770469	0.26303	0.407594	-0.104042	-0.0615372	-0.0199207	-0.029499	-0.030253	0.591388	-0.0546883	0.363172	-0.0204892	-0.0266161	0.225268	-0.0256181	-0.028385	-0.0410482	-0.0649256	-0.032299	-0.0310364	0.362476	-0.0473646	-0.0213475	-0.0037253	-0.0740573	-0.0430987	-0.0399529	-0.026571	0.0191864	-0.0211447	-0.0193293	-0.0114822	-0.0210789	0.115404	-0.0525711	-0.0290926	-0.0195428	-0.0245658	-0.0850637	-0.0172526	0.133762	-0.049704	0.283709	-0.0157164	-0.023604	-0.014389	-0.00779057
-0.0557652	-0.0366866	-0.0231068	-0.0703085	-0.0242597	-0.0795226	0.6486	-0.0191656	-0.0142661	-0.0163722	-0.022341	-0.0155805	-0.027568	-0.011638	-0.0276178	-0.0855485	-0.0790436	-0.103915	-0.0573229	-0.0432774	-0.0561755	-0.0669406	1	-0.0406323	-0.0420575	-0.0308956	-0.0352701	-0.0382756	-0.0287927	-0.0190985	-0.0816716	-0.0457781	-0.0843953	-0.0538182	-0.0478879	-0.0331795	-0.0251175	-0.0177596	-0.0271276	0.747702	-0.0209029	-0.0262833	-0.0875127	-0.0413943	-0.0225737	-0.0200159	-0.0175683	-0.0424119	-0.0435157	-0.0234296	-0.0132919	-0.0207424	-2.87378e-4	-0.0218272	-0.0220446	-0.0303692	-0.0507198	-0.0142732	-0.021134	0.346928	-0.0444898	-0.0119954	-0.0218125	-0.0564174	-0.029266	-0.0283432	-0.0336055	-0.00418348	-0.0193173	-0.0213353	-0.0186638	-0.0195851	-0.00448499	-0.0381282	-0.022979	-0.0393478	-0.0187636	-0.0594238	-0.0225084	0.355921	-0.0592802	-0.0364301	-0.0187526	-0.0119287	-0.0117742	-0.0219093
-5.78392e-4	0.0171175	-0.015394	0.0407077	0.0317703	-0.0585603	-0.0312014	0.015549199999999999	-0.00879015	0.072779	-0.00478375	-0.0115498	-0.00199068	-0.0128741	-0.0164825	-0.0720647	-0.0647811	-0.0797614	-0.0782033	-0.0370422	-0.0608235	-0.0544587	-0.0406323	1	-0.0332261	-0.0221556	-0.0337084	-0.0328744	-0.02166	-0.0218805	-0.0691317	-0.0315817	-0.0678854	0.0221568	-0.0507139	-0.0292336	0.0079809	-0.0130393	0.10119	-0.0435844	-0.0135431	-0.0211453	-0.0523311	0.45143	-0.0181542	-0.00984053	-0.0173315	-0.0347815	-0.033754	-0.0197555	-0.013371	-0.0183524	-0.0131156	-0.0200431	-0.0181212	-0.0237333	-0.046332	0.0970052	0.0366475	-0.0481323	-0.0412136	-0.0152187	-0.0107433	0.188357	-0.0397714	-0.0256477	-0.00320406	-0.00873265	0.0316439	-0.0063621	0.0391698	-0.0123191	-0.00335335	-0.0306354	-0.0382635	0.126774	-0.0180248	-0.0530584	-0.00831731	-0.0300613	0.00841753	-0.00963801	-0.0062024	-0.0174303	-0.00253934	0.0334141
-0.0102011	0.0350471	-0.011232	0.0215332	0.0140915	-0.0619102	-0.0322378	0.0793543	-0.0116274	0.0014992	0.0186144	-0.0138328	0.0215338	-0.00890826	-0.017424	-0.072843	-0.0750573	-0.0838268	-0.0545556	-0.0375872	-0.0424151	-0.0539624	-0.0420575	-0.0332261	1	-0.0181556	-0.0374745	-0.0295152	-0.0222551	-0.013994	-0.067937	-0.030529	-0.0791	-0.0374047	-0.0411873	-0.0129083	-0.0226836	-0.0149412	0.0676448	-0.0324025	-0.0171465	-0.0193109	-0.0591374	0.429856	-0.0179048	0.367306	-0.00569699	-0.0336504	-0.0399836	-0.021205	-0.01132	-0.0141869	-0.0119814	-0.0191618	-0.0181786	0.019367	-0.0300264	-0.0189713	0.0913343	-0.0476894	0.012301	-0.0117935	-0.00442004	-0.002316	-0.0294173	-0.0188167	0.0451246	-0.0092157	0.0448698	0.0186438	0.0159334	0.028122	-0.00676577	0.031648	-0.0202705	7.05195e-4	-0.0106619	-0.0578664	0.0370999	-0.0297106	0.0376971	-0.00347032	0.00419676	-0.0143329	0.068391	0.00474919
-0.0167123	0.00175413	-0.0153079	-0.011768	0.0665898	-0.0387456	-0.0202866	0.0143296	-0.0129302	-0.00774883	0.0336645	-0.00916025	0.0722492	-0.00966506	-0.0117116	-0.047112	-0.0432853	-0.0485025	-0.032414	-0.0295002	-0.0334705	-0.0471681	-0.0308956	-0.0221556	-0.0181556	1	-0.0140153	-0.0247358	-0.016169	-0.0109016	-0.0427866	-0.018425	-0.0449459	-0.0281428	-0.0312969	-0.0234267	-0.0145175	-0.00544531	0.464426	-0.0393836	-0.0130898	-0.0210277	-0.0467322	-0.0179644	-0.012621	0.0556354	-0.00839507	-0.0313864	-0.0216312	-0.0173411	-0.00811046	-0.00982529	-0.0100178	-0.0151238	-0.0106215	0.0537807	-0.00533212	-0.00593269	0.0250857	-0.0402734	-0.012941	-0.00899374	-0.00319356	-6.65673e-4	-0.0153069	-0.0174444	0.0181871	-0.00229071	0.041372	0.00269508	0.00903171	-0.0103832	-0.00834242	0.025264000000000002	-0.00271633	-7.89745e-4	-0.0103793	-0.0303507	0.015076	-0.0253091	0.0203552	0.00334635	0.0233196	-0.0124464	0.00841007	0.00246099
-0.0313605	0.111671	-0.0215073	0.035641	0.0288042	-0.056624	-0.027214	0.0141484	-0.0115664	-0.00341302	-0.0148867	-0.0156323	-0.00255735	-0.00867748	0.0289825	-0.0932136	-0.076109	-0.0972061	-0.0775255	-0.0482048	-0.0824366	-0.0502376	-0.0352701	-0.0337084	-0.0374745	-0.0140153	1	-0.0312428	-0.0326526	-0.015099	-0.0844584	-0.0191214	-0.0890602	0.569025	-0.0549317	-0.0385808	0.167011	-0.0231714	-0.00165499	-0.0374612	-0.0125854	-0.025112	-0.0724204	-0.0142198	-0.017828	-0.0194086	-0.0169382	-0.0319435	-0.0372754	-0.0201346	-0.0172058	-0.0191312	-0.0107405	-0.0274322	-0.0228255	0.0306953	-0.0431517	-0.0012538	0.0180879	-0.0512134	0.0681764	-0.0181434	-0.0173299	-0.00974402	-0.0318022	-0.0234657	0.132542	-0.0112333	0.025811	0.0010022	0.0086332	-0.0169963	-0.00888977	0.080342	-0.0374498	-0.007652	-0.0152135	-0.064132	0.109273	-0.0312265	0.0150929	-0.00523744	0.0452546	-0.0211132	-0.00192238	-8.52075e-4
-0.0401507	0.0106243	-0.0181926	-0.0471995	-0.0257461	-0.0610827	-0.0271164	-0.0125415	0.331048	0.154338	-0.0142792	-0.00238118	-0.00538766	-0.00737178	0.0290238	-0.0776668	-0.0580118	-0.0794743	-0.0416205	-0.0325972	-0.0473297	-0.0510596	-0.0382756	-0.0328744	-0.0295152	-0.0247358	-0.0312428	1	-0.0225299	-0.0167449	-0.0639492	-0.0401447	-0.0742404	-0.0422297	-0.0439247	-0.0247245	-0.0218934	-0.00526972	-0.0228038	-0.0439079	-0.011946	-0.0219016	-0.0552895	-0.0335342	0.527443	-0.017839	0.340455	-0.0322982	0.25929	-0.0200548	-0.0108114	0.0967503	-0.0112046	-0.0200019	-0.00939593	-0.0181958	0.0449324	-0.0202691	0.0331566	-0.03847	-0.0493307	-0.00920654	0.0440461	-0.0133921	-0.0277211	-0.011896	0.0850786	-0.0115537	-0.00381105	-0.00134281	-0.007999	-0.00416417	0.00195483	-0.00350822	0.0226811	-0.0235509	-0.010177	-0.047363	0.0722103	-0.0207002	0.00199087	-0.0183496	0.0444726	-0.00793494	0.0839583	-0.0055291
-0.0109419	-0.0175956	-0.014683	-0.0034663	-0.0190953	-0.0423213	-0.0225074	0.00127567	-0.00852909	-0.0096085	0.299545	-0.0133508	-0.0148653	-0.0110413	-0.0169892	-0.0571373	-0.044574	-0.0596784	-0.0349243	-0.0281877	-0.0365068	-0.0399229	-0.0287927	-0.02166	-0.0222551	-0.016169	-0.0326526	-0.0225299	1	-0.0138496	-0.052439	-0.0272014	-0.0511189	-0.0280187	-0.0322428	-0.0240187	-0.0159201	-0.0127593	-0.0254545	-0.0295526	-0.0117261	-0.0151203	0.249524	-0.00885271	-0.0138601	-0.010046	-0.0141329	-0.0265176	-0.0216842	-0.0149662	-0.00954814	-0.0112123	-0.0162848	-0.0138919	-0.0134189	-0.00145911	-0.0276148	-0.00932053	0.172218	-0.0422562	-0.00978032	-0.0133516	-0.00617122	0.0174438	-0.0183491	0.0309994	0.0113467	-0.00432754	-3.9716e-4	-0.00697366	-8.08583e-4	-0.00943571	-0.00795237	-0.00408833	-0.019726	0.00420579	0.0392858	-0.0383169	0.00769696	-0.0296398	0.055686	-0.0161658	-0.00536056	-0.0113344	0.0203278	-0.00626814
-0.0183466	-0.00440618	-0.0102233	0.0508365	-0.0110357	-0.0357261	-0.0139569	0.00811912	-0.0117468	-0.00398069	0.0251576	-0.00694137	8.84046e-5	-0.00615742	-0.0039805	-0.0390456	-0.0316575	-0.0418117	-0.0390002	-0.0209122	-0.0255069	-0.0297811	-0.0190985	-0.0218805	-0.013994	-0.0109016	-0.015099	-0.0167449	-0.0138496	1	-0.0364936	-0.011725	-0.0396253	-0.0225087	-0.0221011	-0.0169073	-0.0129412	-0.00884514	0.389103	-0.0280583	-0.00511649	-0.0122747	-0.0383985	-0.0205787	-0.0108959	-0.00924814	-0.00764522	-0.0217864	-0.0170022	-0.00894019	-0.00581808	-0.00794517	-0.00650406	-0.011842	-0.00974278	-0.0102442	-0.0188807	-0.0105618	0.0290395	-0.0196262	-0.0192557	-0.00557422	0.00114748	0.00288789	-0.0159714	-0.00628275	0.0662069	-0.0034132	0.0107848	0.00530698	0.0254157	0.0167249	0.0039436	-0.0147163	-0.0179884	0.00139758	-0.00896445	-0.0260063	0.0588868	-0.0127915	0.018084	-0.00581212	-1.15711e-4	0.00489458	0.0208449	0.0255275
0.294307	0.0238428	-0.041519	-0.0427532	-0.0307805	-0.117661	-0.0560072	-0.0488237	-0.028481	-0.0394652	-0.0431856	-0.0281633	-0.0223868	-0.0296729	0.154273	0.89774	-0.130154	-0.17238	-0.115198	-0.0814068	-0.100348	-0.122722	-0.0816716	-0.0691317	-0.067937	-0.0427866	-0.0844584	-0.0639492	-0.052439	-0.0364936	1	-0.0952032	-0.159755	-0.100763	-0.0908869	-0.0652819	-0.0478403	-0.0333804	-0.0712266	-0.0893036	-0.0380441	-0.0522729	-0.128207	-0.0817079	-0.045187	-0.0368566	-0.0387503	-0.0794265	-0.0773973	-0.0459683	-0.0309898	-0.0408845	-0.0296587	-0.0440245	-0.041198	-0.0134901	0.501473	0.0200734	-0.0471021	-0.11094	-0.0610643	-0.0278034	-0.0418747	-0.0230074	-0.0874903	-0.0426796	-0.0423041	-0.0237338	-0.00846454	-0.0135065	-0.0268795	-0.0320717	-0.0234853	-0.0263048	0.346269	-0.0424761	-0.0344196	-0.100923	-0.0469859	-0.0641167	-0.0295089	-0.0280403	-0.0158838	-0.0332673	-0.020605	-0.00939268
0.113366	3.79957e-4	-0.0212265	-0.0615849	0.195017	-0.0686773	-0.0360725	-0.0119035	-0.0225765	-0.0145199	-0.0131927	-0.0136847	0.0012641	-0.0141474	-0.0144542	-0.0953615	-0.0677576	-0.0865224	0.614122	-0.0470005	-0.0504402	-0.057997	-0.0457781	-0.0315817	-0.030529	-0.018425	-0.0191214	-0.0401447	-0.0272014	-0.011725	-0.0952032	1	-0.0814538	-0.0498645	-0.0435166	-0.0369069	-0.0285944	-0.0194209	-0.0311487	-0.0526894	-0.0189863	-0.028875	-0.0686022	-0.0359946	-0.0259583	-0.0197277	-0.0235693	-0.0369701	-0.0332732	-0.0224672	-0.0121651	-0.0186058	-0.0144788	-0.0275022	-0.0206486	-0.0207712	-0.0641811	0.162962	-0.0164032	-0.0603625	-0.0571852	-0.0166261	-0.00702614	0.25533	-0.0490457	-0.0251545	-0.025035	-0.00900791	-0.0160019	-0.0131818	0.0124287	-0.0163729	-0.00892693	-0.028981	-0.0582262	0.218192	-0.0195188	-0.0576472	-0.0280685	-0.0372553	-0.0271287	-0.034461	0.0377892	-0.0129414	-0.00149514	-0.00549559
-0.127919	-0.0719886	-0.0436589	-0.157772	-0.0728146	0.600945	-0.0709471	-0.0488127	-0.0187791	-0.0501139	-0.048804	-0.0351704	-0.0190359	-0.027612	-0.0570031	-0.159208	-0.145103	0.857467	-0.104633	-0.0850347	-0.106452	-0.128135	-0.0843953	-0.0678854	-0.0791	-0.0449459	-0.0890602	-0.0742404	-0.0511189	-0.0396253	-0.159755	-0.0814538	1	-0.103319	-0.0923207	-0.0694726	-0.0511225	-0.0336128	-0.07193	-0.0928523	-0.0383362	-0.0574229	-0.123947	-0.0813291	-0.0432807	-0.0390173	-0.0395169	-0.0797172	-0.0739717	-0.0465585	-0.0324162	-0.0413836	-0.026986	-0.0430128	-0.0430862	-0.0455981	-0.116528	-0.0444891	-0.0629258	-0.132035	-0.108121	-0.0320944	-0.0417012	-0.0631451	0.364431	-0.0644782	-0.0676735	-0.0270899	-0.0319837	-0.0390499	-0.048238	-0.0325035	-0.0262293	-0.068109	-0.0764938	-0.0631644	-0.0478731	0.616018	-0.0559092	-0.128106	-0.1173	-0.0411188	-0.0414272	-0.0376883	-0.0293644	-0.0223019
-0.0197252	0.0548666	-0.0266187	0.130476	-0.0123269	-0.0722777	-0.0429199	0.00454507	-0.0179591	-0.0194728	-0.0194066	-0.0185651	-0.00432325	-0.012384	-0.0196986	-0.103797	-0.082351	-0.109138	-0.0592277	-0.0474102	0.217351	-0.0780467	-0.0538182	0.0221568	-0.0374047	-0.0281428	0.569025	-0.0422297	-0.0280187	-0.0225087	-0.100763	-0.0498645	-0.103319	1	-0.0562833	-0.040618	-0.0383332	-0.0224273	-0.0398085	-0.0603329	-0.0203312	-0.0347236	-0.0825935	-0.0519599	-0.0263578	-0.022113	-0.020596	-0.0547094	-0.0448594	-0.0311509	-0.01771	-0.0259497	-0.0164268	-0.0294239	-0.0288589	0.0156402	-0.0597868	-0.0108616	0.0115883	-0.0772425	0.191361	-0.0222878	-0.0202211	0.0048828	-0.0397143	-0.0273178	0.112396	-0.0148411	0.0520975	0.00364999	0.011676	-0.0206575	-0.0139767	0.19168	-0.047636	0.00842154	-0.0174177	-0.0762936	0.0942663	-0.048195	-0.0139096	-0.00250547	-0.00390005	-0.0223022	-0.00848759	0.00235225
-0.0278498	0.0027612	-0.0257856	0.0770351	-0.0267149	-0.0795702	-0.0373114	0.0153247	-0.0141906	-0.0229722	0.0606666	-0.017067	0.131808	-0.0184572	-0.0223256	-0.094324	-0.0806403	-0.101512	-0.0674283	-0.0373826	0.775188	-0.0713508	-0.0478879	-0.0507139	-0.0411873	-0.0312969	-0.0549317	-0.0439247	-0.0322428	-0.0221011	-0.0908869	-0.0435166	-0.0923207	-0.0562833	1	-0.0381771	-0.0381601	-0.0208781	-0.0381572	-0.052374	-0.0204742	-0.0320894	-0.0749107	-0.0462083	-0.0260746	-0.0237198	-0.0214356	-0.0451848	-0.0477608	-0.0263648	-0.0171237	-0.0239924	-0.017973	-0.0254169	-0.0271392	0.270097	-0.0472121	-0.0268842	-0.0308984	-0.0579102	0.0122536	-0.0208723	-0.0242518	-0.0261472	-0.0342286	0.177381	-0.00497699	-0.00910551	0.0241247	-0.0119331	0.0292149	-0.0190013	-0.00893746	0.163304	-0.0424363	-0.0207414	0.196237	-0.0674726	-0.00592065	-0.0338515	-0.0251439	-0.00429111	-0.0161362	-0.0238813	-0.0145048	0.0322837
0.100732	-0.0165686	0.00338589	-0.0630289	-0.0280463	-0.0605465	-0.0154386	-0.0206538	-0.0187559	-0.0143045	-0.0161695	-0.00158441	-0.0107205	0.27312	-0.0218458	-0.067767	-0.0515616	-0.0734457	-0.038573	0.776945	-0.0457736	-0.0509885	-0.0331795	-0.0292336	-0.0129083	-0.0234267	-0.0385808	-0.0247245	-0.0240187	-0.0169073	-0.0652819	-0.0369069	-0.0694726	-0.040618	-0.0381771	1	-0.0274628	-0.0116057	-0.0275046	-0.0373047	-0.0139693	-0.020112	-0.0527141	-0.0319161	-0.0113518	-0.0147589	-0.0176774	-0.0340097	-0.0328779	-0.0194829	-0.00943618	-0.0161272	-0.0124086	-0.019081	-0.0185117	-0.0248313	-0.0382667	-0.00872239	-0.0280961	-0.0233496	-0.0444287	0.193739	-0.011451	-0.0254438	-0.0212895	0.195632	-0.0275668	-0.00425279	-0.0139063	-0.0103593	-0.0148649	0.368853	-0.0106687	-0.0284043	-0.0404597	0.0458525	-0.022418	-0.027373	-0.0289377	-0.00734787	0.00344041	-0.0255557	-0.0194665	0.374461	-0.0101196	-0.0140283
-0.0285864	0.0545151	-0.0144087	-0.0318366	0.155076	-0.0311466	-0.0169839	-0.00913232	-0.0070435	0.0230831	-0.00537511	-0.0110595	-0.00683789	-0.012442	-0.0180322	-0.0497183	-0.0390774	-0.0563438	-0.0454222	-0.034923	-0.0451461	-0.0380035	-0.0251175	0.0079809	-0.0226836	-0.0145175	0.167011	-0.0218934	-0.0159201	-0.0129412	-0.0478403	-0.0285944	-0.0511225	-0.0383332	-0.0381601	-0.0274628	1	-0.0131161	-0.0233143	-0.0276775	-0.0111546	-0.0211616	-0.039454500000000003	-0.0258855	-0.0129177	-0.0136897	-0.0137012	-0.0271372	-0.0227229	-0.0175559	-0.00843636	-0.015245	-0.00874497	-0.0206024	-0.0145402	-0.0127325	-0.0165617	-0.0038737	-0.00729776	-0.0405424	-0.00355971	-0.0130005	-0.00868402	-0.0109499	-0.0203097	0.0133522	0.013463900000000001	-0.008179	-0.00682827	-0.00172229	-0.00191301	-0.00912144	-0.00437227	-0.00930922	-0.0222435	-0.0208881	0.0206578	-0.0391115	0.0106152	-0.0279772	0.0257757	-0.0173072	0.174369	-0.014271	0.0195481	-0.00858727
-0.0126943	0.123338	-0.0105874	-0.0287366	-0.00962057	-0.0258195	-0.013831	0.00442647	-0.0113383	-0.00673016	-0.00645531	-0.00660378	-0.0031343400000000002	-0.00470242	0.0261879	0.19477	-0.0244252	-0.0359261	-0.0231707	-0.0154547	-0.0258808	-0.0256151	-0.0177596	-0.0130393	-0.0149412	-0.00544531	-0.0231714	-0.00526972	-0.0127593	-0.00884514	-0.0333804	-0.0194209	-0.0336128	-0.0224273	-0.0208781	-0.0116057	-0.0131161	1	-0.0145002	-0.0202209	-0.00782344	-0.0118369	-0.0266399	-0.0178136	-0.0106001	-0.00967399	-0.00725681	-0.0164216	-0.0177486	-0.00840574	-0.00471259	-0.00860468	-0.0026996	-0.00948144	-0.00971102	0.0151178	-0.00813838	0.00402066	-0.00467132	-0.0193301	-0.0162147	-0.00391204	-0.00924699	0.0183724	-0.0171985	-0.0125833	0.00392278	-0.00680667	0.0022181	-0.00819146	0.136453	-0.00698583	-0.00277774	-0.00614273	-0.00403965	0.0147788	-0.0105566	-0.0258872	0.00391714	-0.0171338	-0.015076	-0.00221578	-0.00853329	-0.0044193	0.0146487	0.152246
-0.00283166	0.00617446	-0.0223785	0.0383272	0.0358518	-0.0580586	-0.0318196	-0.0036668	-0.0157704	-0.00389487	0.0321822	-0.0142952	0.0462367	-0.0134659	-0.0130939	-0.0678307	-0.0592331	-0.0730247	-0.0391682	-0.0345021	-0.0411365	-0.0579141	-0.0271276	0.10119	0.0676448	0.464426	-0.00165499	-0.0228038	-0.0254545	0.389103	-0.0712266	-0.0311487	-0.07193	-0.0398085	-0.0381572	-0.0275046	-0.0233143	-0.0145002	1	-0.052732	-0.0198952	-0.0242795	-0.0728543	-0.0316481	-0.0173382	-0.0136842	-0.013446	-0.0360717	-0.0318966	-0.0207193	-0.0137676	-0.0167098	-0.0113453	-0.0185423	-0.0174614	0.0284295	-0.0294772	-0.0209953	0.0730896	-0.038536	-0.0360937	-0.0107116	0.00133945	0.0297311	-0.0261395	-0.0200184	0.0529197	-0.00497618	0.0399313	0.00344896	0.0224587	-0.0125262	-0.00437362	0.0167199	-0.0205322	0.0168038	-0.0117744	-0.0495919	0.0423954	-0.0218572	0.033945	0.00169291	0.0144608	-0.0156822	0.0178677	0.0149008
-0.0641036	-0.0389576	0.263872	-0.0739727	-0.0250299	-0.0875079	0.512895	-0.0196247	-0.0199659	-0.0178318	-0.022439	-0.018911	-0.0223508	-0.0158341	-0.0321563	-0.092594	-0.0869181	-0.114815	0.133205	-0.0427181	-0.0627791	-0.0770469	0.747702	-0.0435844	-0.0324025	-0.0393836	-0.0374612	-0.0439079	-0.0295526	-0.0280583	-0.0893036	-0.0526894	-0.0928523	-0.0603329	-0.052374	-0.0373047	-0.0276775	-0.0202209	-0.052732	1	-0.0241877	-0.0291348	-0.0926017	-0.0457753	-0.0257035	-0.0210098	-0.0188553	-0.0476042	-0.0494366	-0.0350254	-0.017459	-0.0240132	-0.0203277	-0.0251633	-0.0245357	-0.0339649	-0.0626311	-0.0184252	-0.0366244	0.402103	-0.0545136	-0.0172298	-0.0232607	-0.0653941	-0.0317901	-0.0306805	-0.0372028	-0.00363138	-0.0117589	-0.02207	-0.0207638	6.34466e-4	-0.00704035	-0.042092	-0.0292754	-0.0400365	-0.0226273	-0.0629652	-0.0248888	0.413234	-0.0726985	-0.0371074	-0.0231593	-0.00710227	-0.0115065	-0.0255649
-0.0277115	-0.0142721	0.0328916	-0.0189795	-0.0127442	-0.027974	-0.0116912	-4.29355e-4	-0.00766455	-0.00375313	-0.00985204	0.389903	-0.0095676	-0.00430366	-0.00785213	-0.0389648	-0.0314392	-0.0393038	-0.0112186	-0.0177682	-0.0227224	0.26303	-0.0209029	-0.0135431	-0.0171465	-0.0130898	-0.0125854	-0.011946	-0.0117261	-0.00511649	-0.0380441	-0.0189863	-0.0383362	-0.0203312	-0.0204742	-0.0139693	-0.0111546	-0.00782344	-0.0198952	-0.0241877	1	-0.0107729	-0.0303929	-0.0188569	-0.00661571	-0.00949109	-0.00874981	-0.0184211	-0.0156492	-0.0112644	-0.00359718	-0.00750307	-0.00516499	-0.0100387	-0.00883632	-0.0147639	-0.030781	-0.0110131	-0.0113414	0.11142	-0.02177	0.0292767	8.08051e-4	-0.0266334	-0.00423427	-0.00870515	-0.00873623	-0.00234892	-0.00884302	-0.0107668	-0.00664333	0.00285795	-0.00312961	-0.0187577	-0.015546	-0.0161844	-0.00217014	-0.00264886	-0.00694029	0.107586	-0.0116105	-0.0150029	-0.00531116	-0.00814391	-0.00401825	-0.00501457
-0.0447195	-0.0141658	-0.00910006	0.0218421	-0.0374733	-0.0388367	-0.0165318	-0.00764281	-0.0172582	-0.00928466	-0.0150273	-0.00795923	-0.00860729	-0.0088003	-0.0150019	-0.0545458	-0.0387585	-0.0580493	-0.0335583	-0.024777	-0.0349851	0.407594	-0.0262833	-0.0211453	-0.0193109	-0.0210277	-0.025112	-0.0219016	-0.0151203	-0.0122747	-0.0522729	-0.028875	-0.0574229	-0.0347236	-0.0320894	-0.020112	-0.0211616	-0.0118369	-0.0242795	-0.0291348	-0.0107729	1	-0.0374811	-0.0236763	-0.0105546	-0.0107325	-0.0143368	-0.0271652	-0.0236148	-0.012002	-0.00844628	-0.0123192	-0.0102652	-0.0138339	-0.0131078	-0.0166258	-0.033591	-0.0168862	-0.0116049	0.223957	-0.0347042	-0.0108776	0.00792568	-0.0400304	-0.0192217	-0.0210404	-0.0187311	1.07313e-4	-0.00925032	-0.00978728	-0.0128492	-0.0111213	-0.00672242	-0.0207149	-0.0135233	-0.0243453	-0.0167706	-0.0418585	-0.0128224	0.233399	-0.0315314	-0.0189308	-0.00886636	-0.00530219	-0.0031728	-0.014417
-0.0820896	-0.0319998	-0.0362703	0.260226	-0.0491648	-0.116976	-0.063873	0.0505619	-0.00235489	-0.022587	0.0853876	-0.0252802	-0.0206409	-0.0228456	-0.0173362	-0.130231	0.748996	-0.136479	-0.0875658	-0.0490759	-0.0886748	-0.104042	-0.0875127	-0.0523311	-0.0591374	-0.0467322	-0.0724204	-0.0552895	0.249524	-0.0383985	-0.128207	-0.0686022	-0.123947	-0.0825935	-0.0749107	-0.0527141	-0.039454500000000003	-0.0266399	-0.0728543	-0.0926017	-0.0303929	-0.0374811	1	-0.0579076	-0.0345994	-0.0295258	-0.031765	-0.0636189	-0.0625315	-0.0371252	-0.02458	-0.0362688	-0.0482419	-0.0304356	-0.0347015	-0.0279939	-0.0454832	-0.0239223	0.0584317	-0.100782	0.282913	-0.0253067	0.00567308	-0.0123312	-0.046331	-0.0318157	0.0426099	-0.0210743	5.39512e-4	0.093886	0.00327373	-0.0294931	-0.0132915	-0.0386952	-0.0198069	-0.00469006	-0.0161993	-0.0956173	0.0428088	-0.0722217	0.232955	-0.0427321	-0.0128532	-0.0251657	-0.0195944	-0.0164182
-0.0119528	0.00434637	-0.0216169	0.0432403	0.0244931	-0.072133	-0.0324823	0.0387955	-0.0127049	0.0542626	0.0248233	-0.0137626	0.02292	-0.0131777	0.0229712	-0.0788194	-0.0635587	-0.0915894	-0.0699082	-0.0370967	-0.0545878	-0.0615372	-0.0413943	0.45143	0.429856	-0.0179644	-0.0142198	-0.0335342	-0.00885271	-0.0205787	-0.0817079	-0.0359946	-0.0813291	-0.0519599	-0.0462083	-0.0319161	-0.0258855	-0.0178136	-0.0316481	-0.0457753	-0.0188569	-0.0236763	-0.0579076	1	-0.0226481	-0.0209004	-0.0187306	-0.0393161	-0.0476245	-0.0242521	-0.014304	-0.0192548	-0.0122763	-0.0214419	-0.0215507	0.0144159	-0.0420385	0.0865735	0.00403482	-0.0563439	0.0268742	-0.0131961	-0.0207633	0.120864	-0.0385626	-0.0307136	-0.005079	-0.0107583	0.0282153	0.0166199	0.0369445	-0.0160874	-0.00992658	0.0402063	-0.0289405	0.0821069	-0.0212706	-0.0571967	-0.00597347	-0.0364795	0.0176021	-0.0133352	-0.00107564	-0.0179413	-0.00624739	0.0242188
-0.0230573	-0.00165543	0.00693883	-0.0410078	-0.00707349	-0.0277649	-0.0142783	-0.00277543	-0.00754243	0.263745	-0.0102045	-0.00163111	-0.00978385	-0.00327973	0.0230387	-0.0462042	-0.0348545	-0.0457449	-0.0163183	-0.0176403	-0.0290104	-0.0199207	-0.0225737	-0.0181542	-0.0179048	-0.012621	-0.017828	0.527443	-0.0138601	-0.0108959	-0.045187	-0.0259583	-0.0432807	-0.0263578	-0.0260746	-0.0113518	-0.0129177	-0.0106001	-0.0173382	-0.0257035	-0.00661571	-0.0105546	-0.0345994	-0.0226481	1	-0.00981879	-0.00980498	-0.0191403	-0.0174258	-0.0115704	-0.00524504	-0.00688307	-0.00733422	-0.0135067	-0.0103985	-0.0182794	-0.0334837	-0.0126471	0.00587	-0.0273648	-0.032931	-0.00472897	0.0275173	-0.0185575	-0.0117045	0.00495985	0.14782	-0.00700461	-0.00286638	-0.00593949	-0.00919694	0.00578427	0.00282705	0.0130456	-0.0305344	-0.0183191	0.00107862	-0.0252592	0.131783	-0.0149248	-0.00810859	-0.0112614	0.0309757	0.00561764	0.0275849	-0.00753756
-0.0186877	0.00829227	-0.00644187	0.0109582	0.00922891	-0.0295068	-0.0139125	0.1273	-0.0105618	-0.00570254	-0.00813771	-0.00727934	-0.009036	-0.00690636	-0.00743263	-0.0382213	-0.0300088	-0.0414966	-0.0282436	-0.0204739	-0.018673	-0.029499	-0.0200159	-0.00984053	0.367306	0.0556354	-0.0194086	-0.017839	-0.010046	-0.00924814	-0.0368566	-0.0197277	-0.0390173	-0.022113	-0.0237198	-0.0147589	-0.0136897	-0.00967399	-0.0136842	-0.0210098	-0.00949109	-0.0107325	-0.0295258	-0.0209004	-0.00981879	1	-0.00872202	-0.0169058	-0.0198615	-0.0130423	-0.00494536	-0.00858479	-0.00664055	-0.00989217	-0.00995588	-0.0113146	-0.0243312	-0.011496	0.0935514	-0.0228023	-0.00431756	-0.00558945	-0.0033889	-0.0113445	-0.0122845	-0.0119984	0.072941	-0.0063294	0.0164355	-0.00258399	0.00560371	-0.00523593	-0.00338524	-0.0153044	-0.0194246	-0.0138135	-0.00953613	-0.0276306	0.0610027	-0.0137928	0.0411788	-0.00516	-0.00364097	-0.0084139	0.0420167	0.00416486
-0.0199686	-0.00382054	-0.00888561	0.0104967	-0.0109488	-0.0356942	-0.0144976	0.00295253	0.0938297	0.00664593	-0.00175032	-0.00804793	0.00789881	-0.0056835	0.0798533	0.0345741	-0.0303639	-0.0418366	-0.0248674	-0.020462	-0.0243336	-0.030253	-0.0175683	-0.0173315	-0.00569699	-0.00839507	-0.0169382	0.340455	-0.0141329	-0.00764522	-0.0387503	-0.0235693	-0.0395169	-0.020596	-0.0214356	-0.0176774	-0.0137012	-0.00725681	-0.013446	-0.0188553	-0.00874981	-0.0143368	-0.031765	-0.0187306	-0.00980498	-0.00872202	1	-0.0193303	-0.0160577	-0.0126553	-0.00805208	-0.00894265	-0.00521515	-0.0106007	-0.00985612	0.00274801	-0.0228091	-0.0115135	0.0554494	-0.0130747	-0.0234116	-0.0078248	-0.00685682	0.0173834	-0.0111926	-0.0137462	0.0163174	-0.00563855	0.00173315	0.0197161	0.0295997	-0.0092082	-0.0047036	-0.00879583	-0.01764	0.00141935	-0.00829003	-0.02586	0.0121949	-0.00902474	0.0119217	-0.00817078	0.0123225	-0.00941739	0.106875	0.0271477
-0.0401916	-0.00564402	-0.0255002	2.68064e-4	-0.0352959	0.15995	-0.0296983	-0.0211782	-0.0197944	-0.0148146	-0.0240111	-0.0142837	-0.0107642	-0.0100689	-0.0237798	-0.0807677	-0.062499	-0.068864	-0.0488028	-0.0403409	-0.0511883	0.591388	-0.0424119	-0.0347815	-0.0336504	-0.0313864	-0.0319435	-0.0322982	-0.0265176	-0.0217864	-0.0794265	-0.0369701	-0.0797172	-0.0547094	-0.0451848	-0.0340097	-0.0271372	-0.0164216	-0.0360717	-0.0476042	-0.0184211	-0.0271652	-0.0636189	-0.0393161	-0.0191403	-0.0169058	-0.0193303	1	-0.0372817	-0.02305	-0.0154681	-0.0194523	-0.0145908	-0.0195305	-0.0204081	-0.0273377	-0.0574834	-0.0193888	-0.0326584	0.320707	-0.049432	-0.0139964	-0.0179185	-0.0503904	-0.024881	-0.0309302	-0.020844	-0.0132341	-0.0199718	-0.0190481	-0.0146183	-0.0199846	-0.0105881	-0.0457594	-0.0243388	-0.0158135	-0.0186815	-0.0588083	-0.00972942	-0.0402809	-0.0554158	0.471553	-0.0150521	-0.0153712	-0.0108835	-0.0134475
-0.0191201	0.0143023	-0.00827736	-0.0288434	0.00630263	-0.0632401	-0.0347566	-0.020329	0.235935	-0.018998	-0.00347048	-0.0121915	-0.00894907	-0.00811928	-0.00769761	-0.0750527	0.148639	0.0978442	-0.0476942	-0.0374229	-0.0516399	-0.0546883	-0.0435157	-0.033754	-0.0399836	-0.0216312	-0.0372754	0.25929	-0.0216842	-0.0170022	-0.0773973	-0.0332732	-0.0739717	-0.0448594	-0.0477608	-0.0328779	-0.0227229	-0.0177486	-0.0318966	-0.0494366	-0.0156492	-0.0236148	-0.0625315	-0.0476245	-0.0174258	-0.0198615	-0.0160577	-0.0372817	1	-0.0224042	-0.0120034	-0.0148455	-0.0114892	-0.0248474	-0.0177753	-0.0207466	0.0300627	-0.0153652	0.00893991	-0.055718	-0.0409503	-0.0135434	0.152374	-0.0241143	0.0453481	-0.0283257	-0.0201607	-0.00960429	0.015468	-0.0120865	-6.1398e-4	-0.011516	-0.00486685	-0.0123204	0.0261916	-0.0266261	-0.0192255	0.0699078	-0.0174379	-0.0377954	0.00920744	-0.017799	0.00806044	-0.0150993	0.0026227	-0.00809494
-0.0228074	-0.00994663	-0.0123927	-0.0249273	-0.0134034	0.113811	-0.0156982	-0.0143075	-0.0112415	0.00538333	-0.0117082	-0.00650395	-0.00129524	-0.0075169	-0.0160677	-0.0482571	-0.0383835	-0.0493309	-0.0301436	-0.0231684	-0.0311914	0.363172	-0.0234296	-0.0197555	-0.021205	-0.0173411	-0.0201346	-0.0200548	-0.0149662	-0.00894019	-0.0459683	-0.0224672	-0.0465585	-0.0311509	-0.0263648	-0.0194829	-0.0175559	-0.00840574	-0.0207193	-0.0350254	-0.0112644	-0.012002	-0.0371252	-0.0242521	-0.0115704	-0.0130423	-0.0126553	-0.02305	-0.0224042	1	-0.00927039	-0.011776	-0.00702156	-0.0118461	-0.0104278	-0.0168276	0.0188636	-0.0136667	-0.00130804	-0.0184475	-0.0123299	-0.0111018	-0.00488555	-0.00458584	-0.0203681	-0.00438886	7.30068e-4	-0.00743791	-0.00474065	0.00309677	0.0141862	-0.00637323	0.322462	-0.0137694	0.00508984	0.0381886	-0.0030866	-0.0324173	-0.00382563	-0.01502	8.68396e-4	0.00299662	0.00373615	-0.0107447	-0.00449053	0.0179334
-0.0231725	-0.0122778	-0.00139414	-0.0219208	-0.0124037	-0.00770926	0.00995057	-0.00910814	0.0790307	-0.00336984	-0.00540439	0.113346	-0.00900982	-0.00269272	-0.00441176	-0.0323192	-0.0218965	-0.0313729	-0.0167224	-0.0135028	-0.0205398	-0.0204892	-0.0132919	-0.013371	-0.01132	-0.00811046	-0.0172058	-0.0108114	-0.00954814	-0.00581808	-0.0309898	-0.0121651	-0.0324162	-0.01771	-0.0171237	-0.00943618	-0.00843636	-0.00471259	-0.0137676	-0.017459	-0.00359718	-0.00844628	-0.02458	-0.014304	-0.00524504	-0.00494536	-0.00805208	-0.0154681	-0.0120034	-0.00927039	1	-0.00826254	-0.00238715	-0.00883236	-0.00798548	-0.01214	-0.0249103	-0.00861628	-0.00920236	-0.00263349	-0.0230107	0.12553	-0.00223677	-0.0141058	-0.00544958	0.0933117	-0.00595003	0.0141788	-0.00820375	-0.00590468	-0.00828005	0.00289273	-0.00211886	-0.0129318	-0.018581	-0.0132568	0.00994698	-0.0130082	-0.00377599	0.00335615	0.00665774	-0.0112831	-0.00223845	0.145437	0.00198434	0.027704
0.0202413	0.0370823	-0.0105849	-0.0154602	-0.010075	-0.0312748	-0.0139422	8.97439e-4	-0.00543475	0.0014268	0.0756174	-0.00484851	0.00327975	-0.00718189	-0.00946833	-0.0422605	-0.0336514	-0.0449709	0.234063	-0.0206784	-0.0254353	-0.0266161	-0.0207424	-0.0183524	-0.0141869	-0.00982529	-0.0191312	0.0967503	-0.0112123	-0.00794517	-0.0408845	-0.0186058	-0.0413836	-0.0259497	-0.0239924	-0.0161272	-0.015245	-0.00860468	-0.0167098	-0.0240132	-0.00750307	-0.0123192	-0.0362688	-0.0192548	-0.00688307	-0.00858479	-0.00894265	-0.0194523	-0.0148455	-0.011776	-0.00826254	1	-0.0065652	-0.0114209	-0.0114423	-0.00725391	-0.0128581	-0.0134607	0.0296519	-0.025422	-0.0136575	-0.0048757	0.0115228	-0.00942871	-0.0160021	0.0140455	-0.00258169	-0.00478256	-0.00460882	0.0548942	0.0191453	-0.0035192	-0.0074494	0.0075482	-0.0123973	-0.0144462	0.0172272	-0.0302712	-8.28881e-4	-0.0196763	0.0207227	-0.00924514	0.0527144	-0.00221457	0.00920204	0.0221822
-0.0150229	-0.0118849	0.00384746	-0.0228038	-0.0122337	-0.0227118	0.125334	-0.0111267	-0.00802281	0.107879	-0.00974304	0.00105748	-0.0112621	-0.00464767	-0.0100572	-0.02958	-0.0366712	-0.0289247	-0.0179569	-0.0153206	-0.0183833	0.225268	-2.87378e-4	-0.0131156	-0.0119814	-0.0100178	-0.0107405	-0.0112046	-0.0162848	-0.00650406	-0.0296587	-0.0144788	-0.026986	-0.0164268	-0.017973	-0.0124086	-0.00874497	-0.0026996	-0.0113453	-0.0203277	-0.00516499	-0.0102652	-0.0482419	-0.0122763	-0.00733422	-0.00664055	-0.00521515	-0.0145908	-0.0114892	-0.00702156	-0.00238715	-0.0065652	1	-0.00873854	-0.00857084	-0.00942767	-0.022747	-0.00895018	-0.00284231	0.0407625	0.0514569	5.50299e-4	-0.00775776	-0.023825	-0.00778716	-0.00981591	-0.0128585	0.00418999	0.00466382	-0.00307529	0.0040151	-7.44273e-4	0.0132228	-0.0129976	-0.00809019	-0.0111339	-0.00553934	-0.0205426	-0.0108354	0.046832	0.027781	-0.0170073	-0.00834823	-0.0043926	-0.00106889	-0.00120217
-0.0276374	-0.0189677	-0.0127709	-0.0142433	-0.0118504	-0.0405223	-0.0123511	0.189766	-0.0125676	0.0649769	-0.0111085	-0.00846338	-0.0071376	-0.00884525	0.0251647	-0.0446983	-0.0307837	-0.0471942	-0.0289938	0.526072	-0.0317025	-0.0256181	-0.0218272	-0.0200431	-0.0191618	-0.0151238	-0.0274322	-0.0200019	-0.0138919	-0.011842	-0.0440245	-0.0275022	-0.0430128	-0.0294239	-0.0254169	-0.019081	-0.0206024	-0.00948144	-0.0185423	-0.0251633	-0.0100387	-0.0138339	-0.0304356	-0.0214419	-0.0135067	-0.00989217	-0.0106007	-0.0195305	-0.0248474	-0.0118461	-0.00883236	-0.0114209	-0.00873854	1	-0.0110143	-0.0145645	-0.030217	-0.00896131	-0.0154736	0.195074	-0.025493	-0.0109679	-0.0131272	-0.0333108	-0.0163492	-0.0188139	-0.0206319	0.0287673	-0.0118466	-0.00755947	-0.0130164	-0.00710267	-0.00686297	-0.0139167	-0.0184864	-0.0222158	-0.0153205	-0.0134748	-0.0180973	0.178158	-0.0307835	-0.0142	-0.0102487	-0.0107729	-0.0092679	-0.00550015
-0.0238371	-0.00437612	0.141213	-0.020695	-0.0206562	-0.0309303	-0.0139842	-0.00982138	-0.0108286	0.0398567	-0.0116417	0.177233	-5.84409e-5	-0.00683598	-0.00983536	-0.0426107	-0.0341751	0.231186	-0.0294751	-0.021717	-0.0314263	-0.028385	-0.0220446	-0.0181212	-0.0181786	-0.0106215	-0.0228255	-0.00939593	-0.0134189	-0.00974278	-0.041198	-0.0206486	-0.0430862	-0.0288589	-0.0271392	-0.0185117	-0.0145402	-0.00971102	-0.0174614	-0.0245357	-0.00883632	-0.0131078	-0.0347015	-0.0215507	-0.0103985	-0.00995588	-0.00985612	-0.0204081	-0.0177753	-0.0104278	-0.00798548	-0.0114423	-0.00857084	-0.0110143	1	-0.0203739	-0.0115193	-0.0117247	0.0480009	-0.022243	-0.0250134	-0.00611163	0.028317	0.0271284	-0.0156859	0.0344766	-0.0162003	0.252571	-0.00887958	-0.00426982	-0.00128627	-0.00548139	-0.00311154	0.0135244	-0.00863492	-0.00921428	0.0513686	-0.0285343	-0.014798	-0.0113649	0.0142211	-0.0167141	-0.0144217	-0.00610355	-0.00356708	-0.0058665
-0.010265700000000001	0.0402352	-0.0142176	-0.0232312	0.0138754	-0.0406395	-0.0230538	0.0167583	-0.0184443	-0.0109181	0.0139169	-0.0146055	0.122151	-0.0132834	-0.0112696	-0.00974488	-0.0307185	-0.0488025	-0.0334972	-0.0257742	0.221413	-0.0410482	-0.0303692	-0.0237333	0.019367	0.0537807	0.0306953	-0.0181958	-0.00145911	-0.0102442	-0.0134901	-0.0207712	-0.0455981	0.0156402	0.270097	-0.0248313	-0.0127325	0.0151178	0.0284295	-0.0339649	-0.0147639	-0.0166258	-0.0279939	0.0144159	-0.0182794	-0.0113146	0.00274801	-0.0273377	-0.0207466	-0.0168276	-0.01214	-0.00725391	-0.00942767	-0.0145645	-0.0203739	1	-0.0851919	-0.0274252	-0.0449381	-0.082809	-0.0733848	-0.0199664	-0.0264986	-0.0845917	-0.031987	-0.040574	-0.0461206	-0.0177823	-0.0244753	-0.0257184	0.00101248	-0.0267326	-0.013461	0.511814	-0.0497551	-0.031487	-0.0260928	-0.0789763	-0.0266774	-0.0553381	-0.0868577	-0.027499	-0.0245483	-0.0154196	-0.0166439	-0.0103095
0.165511	0.00869613	-0.0232991	-0.0222356	-0.016293	-0.0796499	-0.0342177	-0.0227121	0.0656652	-0.0334122	-0.0214858	-0.0189473	-0.0165085	-0.0200107	0.0760708	0.461785	-0.0501128	-0.113018	-0.0699532	-0.0489658	-0.056556	-0.0649256	-0.0507198	-0.046332	-0.0300264	-0.00533212	-0.0431517	0.0449324	-0.0276148	-0.0188807	0.501473	-0.0641811	-0.116528	-0.0597868	-0.0472121	-0.0382667	-0.0165617	-0.00813838	-0.0294772	-0.0626311	-0.030781	-0.033591	-0.0454832	-0.0420385	-0.0334837	-0.0243312	-0.0228091	-0.0574834	0.0300627	0.0188636	-0.0249103	-0.0128581	-0.022747	-0.030217	-0.0115193	-0.0851919	1	-0.0516717	-0.0855655	-0.164424	-0.144663	-0.0370807	-0.0520549	-0.0929031	-0.122894	-0.0830358	-0.098529	-0.029781	-0.0463358	-0.0522034	-0.0736567	-0.0321694	-0.0342194	-0.0861879	0.6932	-0.134347	-0.0810807	-0.118809	-0.102576	-0.087189	-0.0841974	-0.0534194	-0.0649026	-0.038214	-0.0239412	-0.0308027
-0.00528432	0.0292837	-0.0112443	0.00846728	0.0907707	-0.0361229	-0.0147654	-0.0125192	-0.0042407	-0.0129263	-0.00922656	-0.00626158	-0.0070365	-0.00860386	0.00812162	0.0241743	-0.0235796	-0.049149	0.120833	-0.0123877	-0.0318734	-0.032299	-0.0142732	0.0970052	-0.0189713	-0.00593269	-0.0012538	-0.0202691	-0.00932053	-0.0105618	0.0200734	0.162962	-0.0444891	-0.0108616	-0.0268842	-0.00872239	-0.0038737	0.00402066	-0.0209953	-0.0184252	-0.0110131	-0.0168862	-0.0239223	0.0865735	-0.0126471	-0.011496	-0.0115135	-0.0193888	-0.0153652	-0.0136667	-0.00861628	-0.0134607	-0.00895018	-0.00896131	-0.0117247	-0.0274252	-0.0516717	1	-0.0273014	-0.0505846	-0.0468507	-0.01021	-0.0169874	-0.0287913	-0.0429147	-0.0270924	-0.0301179	-0.00683973	-0.0140516	-0.0169367	-0.0022262	-0.00864728	-0.0117143	-0.0410676	-0.0445757	0.174598	-0.0226105	-0.0478019	-0.0299753	-0.0348976	0.0146875	-0.0290966	-0.0186717	-0.0110393	-0.0121234	-0.0185519
-0.0206368	0.0277566	0.0257111	0.0105865	-0.00563951	-0.0474394	-0.0121988	0.0367993	0.0235078	0.00589089	0.0425337	-0.01304	-0.00788468	-0.0087981	-0.00797093	-0.0453928	-0.0117222	-0.0338623	-0.0125503	-0.0315962	-0.0324485	-0.0310364	-0.021134	0.0366475	0.0913343	0.0250857	0.0180879	0.0331566	0.172218	0.0290395	-0.0471021	-0.0164032	-0.0629258	0.0115883	-0.0308984	-0.0280961	-0.00729776	-0.00467132	0.0730896	-0.0366244	-0.0113414	-0.0116049	0.0584317	0.00403482	0.00587	0.0935514	0.0554494	-0.0326584	0.00893991	-0.00130804	-0.00920236	0.0296519	-0.00284231	-0.0154736	0.0480009	-0.0449381	-0.0855655	-0.0273014	1	-0.083175	-0.0734571	-0.0190105	-0.0207236	-0.0481158	-0.0287059	-0.0420993	-0.0457406	-0.0162023	-0.0241608	-0.0268879	-0.0195113	-0.0126232	-0.0165766	-0.0767771	-0.0356566	-0.0397873	-0.0271577	-0.0931753	-0.0262886	-0.0655375	0.327203	-0.0575297	-0.0250895	-0.0182548	-0.00354557	-0.0350332
-0.0629558	-0.0319651	0.103257	-0.0334021	-0.0325137	-0.0212697	0.230838	0.0206825	-0.015764	0.0146502	-0.0282067	0.0575474	-0.0254509	-0.0213964	-0.0273265	-0.114285	-0.0932937	-0.134504	0.0209404	0.085641900000000007	-0.0685204	0.362476	0.346928	-0.0481323	-0.0476894	-0.0402734	-0.0512134	-0.03847	-0.0422562	-0.0196262	-0.11094	-0.0603625	-0.132035	-0.0772425	-0.0579102	-0.0233496	-0.0405424	-0.0193301	-0.038536	0.402103	0.11142	0.223957	-0.100782	-0.0563439	-0.0273648	-0.0228023	-0.0130747	0.320707	-0.055718	-0.0184475	-0.00263349	-0.025422	0.0407625	0.195074	-0.022243	-0.082809	-0.164424	-0.0505846	-0.083175	1	-0.141389	-0.0399529	-0.0484518	-0.146182	-0.0645062	-0.0794715	-0.0906472	-0.0273002	-0.0477217	-0.0480997	-0.0487171	-0.0452322	-0.0302779	-0.125106	-0.0788012	-0.0833766	-0.0530717	-0.123012	-0.0608362	0.679101	-0.16931	0.312894	-0.0497293	-0.0332454	-0.0327519	-0.0509505
-0.0314043	-0.0256391	-0.0346663	0.19120500000000001	-0.0249921	-0.0930642	-0.00798334	-0.0167572	-0.00725307	-0.0247186	0.00800433	-0.0122629	-0.00272923	-0.0142287	0.0133149	-0.0630661	0.276828	-0.111251	-0.0724628	-0.0427312	0.127037	-0.0473646	-0.0444898	-0.0412136	0.012301	-0.012941	0.0681764	-0.0493307	-0.00978032	-0.0192557	-0.0610643	-0.0571852	-0.108121	0.191361	0.0122536	-0.0444287	-0.00355971	-0.0162147	-0.0360937	-0.0545136	-0.02177	-0.0347042	0.282913	0.0268742	-0.032931	-0.00431756	-0.0234116	-0.049432	-0.0409503	-0.0123299	-0.0230107	-0.0136575	0.0514569	-0.025493	-0.0250134	-0.0733848	-0.144663	-0.0468507	-0.0734571	-0.141389	1	-0.033433	-0.0467606	-0.144666	-0.0567875	-0.0699433	-0.0814417	-0.026686	-0.0383466	-0.04426	-1.33087e-4	-0.044842	-0.0275795	0.298818	-0.0713403	-0.0635959	-0.0449985	-0.14656	-0.0489132	-0.107246	0.280614	-0.0763381	-0.0440309	-0.0279743	-0.0301306	-0.0521772
-0.0197465	-0.0101975	-5.05804e-5	-0.0343821	-0.0156075	-0.0315522	0.00154932	-0.0117201	0.0470995	-0.00513567	-0.0103937	-0.00295828	-0.00730562	0.349498	-0.00691956	-0.0283933	-0.0255293	-0.0301793	0.00319616	0.152393	-0.0239371	-0.0213475	-0.0119954	-0.0152187	-0.0117935	-0.00899374	-0.0181434	-0.00920654	-0.0133516	-0.00557422	-0.0278034	-0.0166261	-0.0320944	-0.0222878	-0.0208723	0.193739	-0.0130005	-0.00391204	-0.0107116	-0.0172298	0.0292767	-0.0108776	-0.0253067	-0.0131961	-0.00472897	-0.00558945	-0.0078248	-0.0139964	-0.0135434	-0.0111018	0.12553	-0.0048757	5.50299e-4	-0.0109679	-0.00611163	-0.0199664	-0.0370807	-0.01021	-0.0190105	-0.0399529	-0.033433	1	-0.0101986	-0.020703	-0.0121112	-0.0191353	-0.020344	-0.0060508	-0.0108127	-0.0108866	-0.0175299	-0.00694545	-0.00803101	-0.0373103	-0.0142094	-0.0177239	-0.0125808	-0.0408853	-0.0120151	-0.0314633	0.147708	-0.0270847	-0.0141449	-0.00750986	-0.00645625	-0.0138376
-0.0230344	0.0479731	0.016027	0.00711772	-0.0108936	-0.0216235	-0.0190314	0.00262325	-0.00762578	0.0183876	-0.00668025	1.88605e-4	-8.29881e-4	-0.00511047	-0.0103307	-0.0425011	-3.6598e-4	0.036409	0.0557437	-0.0170876	-0.0255162	-0.0037253	-0.0218125	-0.0107433	-0.00442004	-0.00319356	-0.0173299	0.0440461	-0.00617122	0.00114748	-0.0418747	-0.00702614	-0.0417012	-0.0202211	-0.0242518	-0.011451	-0.00868402	-0.00924699	0.00133945	-0.0232607	8.08051e-4	0.00792568	0.00567308	-0.0207633	0.0275173	-0.0033889	-0.00685682	-0.0179185	0.152374	-0.00488555	-0.00223677	0.0115228	-0.00775776	-0.0131272	0.028317	-0.0264986	-0.0520549	-0.0169874	-0.0207236	-0.0484518	-0.0467606	-0.0101986	1	-0.0280464	-0.0175158	-0.0223923	-0.0257308	-0.00609489	-0.0134484	-0.0140268	-0.0096544	9.71601e-4	-0.00903032	-0.0446685	-0.025199	-0.022056	-0.0134243	-0.0534956	-8.32053e-4	-0.0386692	0.184409	-0.0338487	-0.01352	-0.010734	-0.00231923	-0.0205853
0.0891128	-0.00981598	-0.0184627	-0.0113426	0.055277	-0.047695799999999997	-0.042072	0.00328596	-0.00841029	0.0270983	0.00749669	-0.0248621	-0.00163877	-0.0148046	-0.0055559	-0.00562739	-0.0251647	-0.0541489	0.171171	-0.0378227	-0.0285488	-0.0740573	-0.0564174	0.188357	-0.002316	-6.65673e-4	-0.00974402	-0.0133921	0.0174438	0.00288789	-0.0230074	0.25533	-0.0631451	0.0048828	-0.0261472	-0.0254438	-0.0109499	0.0183724	0.0297311	-0.0653941	-0.0266334	-0.0400304	-0.0123312	0.120864	-0.0185575	-0.0113445	0.0173834	-0.0503904	-0.0241143	-0.00458584	-0.0141058	-0.00942871	-0.023825	-0.0333108	0.0271284	-0.0845917	-0.0929031	-0.0287913	-0.0481158	-0.146182	-0.144666	-0.020703	-0.0280464	1	-0.0924268	-0.0457071	-0.0538263	-0.0283111	-0.0419825	-0.0269466	0.0117774	-0.0177171	-0.0200025	-0.11218	-0.100433	0.474391	-0.036600100000000003	-0.0832005	-0.0651339	-0.0971583	-0.121744	-0.0790009	-0.0250029	-0.0282047	-0.0114125	-0.0316747
-0.062506	-0.0267077	-0.00749534	-0.0607823	-0.0329109	0.22204	-0.0264056	-0.0171232	-0.00568914	-0.017599	-0.0128228	-0.010882	5.72675e-4	-0.0104767	-0.0233043	-0.0874481	-0.0123001	0.307112	-0.0520373	-0.0278233	-0.0389182	-0.0430987	-0.029266	-0.0397714	-0.0294173	-0.0153069	-0.0318022	-0.0277211	-0.0183491	-0.0159714	-0.0874903	-0.0490457	0.364431	-0.0397143	-0.0342286	-0.0212895	-0.0203097	-0.0171985	-0.0261395	-0.0317901	-0.00423427	-0.0192217	-0.046331	-0.0385626	-0.0117045	-0.0122845	-0.0111926	-0.024881	0.0453481	-0.0203681	-0.00544958	-0.0160021	-0.00778716	-0.0163492	-0.0156859	-0.031987	-0.122894	-0.0429147	-0.0287059	-0.0645062	-0.0567875	-0.0121112	-0.0175158	-0.0924268	1	-0.03386	-0.0306465	-0.0129234	-0.0180639	-0.0277275	-0.0303567	-0.0272549	-0.0127336	-0.0299217	-0.0898577	-0.0856183	-0.0271001	0.454333	-0.0270344	-0.0633773	-0.0481909	-0.0153191	-0.0316594	-0.0184256	0.0142238	-0.0314092
0.032351	0.00461203	-0.00737887	0.0144441	-0.0183326	-0.0425477	-0.0191679	-0.00794047	-0.0165745	-1.56518e-4	0.0362832	0.00679761	-0.00838179	0.0478695	-0.00993029	-0.0445482	-0.051592	-0.0347799	0.00390007	0.150409	0.141945	-0.0399529	-0.0283432	-0.0256477	-0.0188167	-0.0174444	-0.0234657	-0.011896	0.0309994	-0.00628275	-0.0426796	-0.0251545	-0.0644782	-0.0273178	0.177381	0.195632	0.0133522	-0.0125833	-0.0200184	-0.0306805	-0.00870515	-0.0210404	-0.0318157	-0.0307136	0.00495985	-0.0119984	-0.0137462	-0.0309302	-0.0283257	-0.00438886	0.0933117	0.0140455	-0.00981591	-0.0188139	0.0344766	-0.040574	-0.0830358	-0.0270924	-0.0420993	-0.0794715	-0.0699433	-0.0191353	-0.0223923	-0.0457071	-0.03386	1	-0.0438905	-0.0120834	-0.0201931	-0.0245123	-0.0368463	-0.011988	-0.0136502	-0.0401311	-0.122561	-0.0898565	0.763727	-0.0589244	-0.0579845	-0.0424603	-0.0409549	-0.0240006	-0.0309436	0.471861	-0.0186011	-0.0131722
-0.011447	0.0289047	-0.0137807	0.0281225	7.83977e-4	-0.0451567	-0.0224996	0.00458581	-0.00893354	0.0360464	0.0426385	-0.0101797	-0.00302067	-0.0144276	-7.06725e-5	-0.0385038	0.0362264	-0.0660332	-0.0318174	-0.0328354	-0.0114248	-0.026571	-0.0336055	-0.00320406	0.0451246	0.0181871	0.132542	0.0850786	0.0113467	0.0662069	-0.0423041	-0.025035	-0.0676735	0.112396	-0.00497699	-0.0275668	0.013463900000000001	0.00392278	0.0529197	-0.0372028	-0.00873623	-0.0187311	0.0426099	-0.005079	0.14782	0.072941	0.0163174	-0.020844	-0.0201607	7.30068e-4	-0.00595003	-0.00258169	-0.0128585	-0.0206319	-0.0162003	-0.0461206	-0.098529	-0.0301179	-0.0457406	-0.0906472	-0.0814417	-0.020344	-0.0257308	-0.0538263	-0.0306465	-0.0438905	1	-0.0161937	-0.024869	-0.0269236	-0.028216	-0.0148946	-0.0173095	-0.0463756	-0.118721	-0.084769	-0.0504611	-0.0597475	0.809962	-0.044048	-0.0477505	-0.0245889	-0.034649	-0.0320213	-0.0195799	-0.0164356
0.00571699	-0.0118285	0.00474866	-0.00672057	-0.00286889	-0.0230149	2.82558e-4	-0.00864848	-0.00614298	-0.00519041	-0.00549868	0.138324	-0.00486206	-0.00475775	-0.00406089	-0.0249527	-0.0197564	0.0482657	-0.0111618	0.0124432	-0.0160286	0.0191864	-0.00418348	-0.00873265	-0.0092157	-0.00229071	-0.0112333	-0.0115537	-0.00432754	-0.0034132	-0.0237338	-0.00900791	-0.0270899	-0.0148411	-0.00910551	-0.00425279	-0.008179	-0.00680667	-0.00497618	-0.00363138	-0.00234892	1.07313e-4	-0.0210743	-0.0107583	-0.00700461	-0.0063294	-0.00563855	-0.0132341	-0.00960429	-0.00743791	0.0141788	-0.00478256	0.00418999	0.0287673	0.252571	-0.0177823	-0.029781	-0.00683973	-0.0162023	-0.0273002	-0.026686	-0.0060508	-0.00609489	-0.0283111	-0.0129234	-0.0120834	-0.0161937	1	-0.00761089	-0.00763723	-0.00100339	-0.00740685	-0.0060748	0.120422	-0.0138928	-0.0091637	-0.00690197	-0.0276335	-0.00925074	-0.00359514	-0.0225991	-0.00965175	-0.00794603	-0.00505422	-0.00696723	-0.00895638
0.00160521	0.0143302	-0.0081318	0.0105897	0.00670366	-0.0279564	-0.0117199	0.0237243	-0.00637129	0.00238569	0.00762929	-0.00615473	0.0116675	-0.00876393	0.00328732	-0.00725143	-0.00596942	-0.0183841	-0.0172695	-0.0166441	0.0216396	-0.0211447	-0.0193173	0.0316439	0.0448698	0.041372	0.025811	-0.00381105	-3.9716e-4	0.0107848	-0.00846454	-0.0160019	-0.0319837	0.0520975	0.0241247	-0.0139063	-0.00682827	0.0022181	0.0399313	-0.0117589	-0.00884302	-0.00925032	5.39512e-4	0.0282153	-0.00286638	0.0164355	0.00173315	-0.0199718	0.015468	-0.00474065	-0.00820375	-0.00460882	0.00466382	-0.0118466	-0.00887958	-0.0244753	-0.0463358	-0.0140516	-0.0241608	-0.0477217	-0.0383466	-0.0108127	-0.0134484	-0.0419825	-0.0180639	-0.0201931	-0.024869	-0.00761089	1	-0.012345	-0.0137289	-0.0132927	-0.00963192	-0.0408887	-0.0192649	-0.0145515	-0.0123867	-0.0435936	-0.0148851	-0.0257066	-0.0424794	0.396785	-0.0122318	-0.00813213	-0.00893962	-0.0109473
-0.0156856	0.00240311	-0.0088937	0.0366063	-0.00249912	-0.0347273	-0.0160682	0.0619035	-0.00779943	2.5066e-4	-0.00668617	-0.00286068	-0.00551446	-0.00240168	0.00771587	-0.0169566	0.0926973	-0.0306868	0.0128864	-0.0117504	-0.0146609	-0.0193293	-0.0213353	-0.0063621	0.0186438	0.00269508	0.0010022	-0.00134281	-0.00697366	0.00530698	-0.0135065	-0.0131818	-0.0390499	0.00364999	-0.0119331	-0.0103593	-0.00172229	-0.00819146	0.00344896	-0.02207	-0.0107668	-0.00978728	0.093886	0.0166199	-0.00593949	-0.00258399	0.0197161	-0.0190481	-0.0120865	0.00309677	-0.00590468	0.0548942	-0.00307529	-0.00755947	-0.00426982	-0.0257184	-0.0522034	-0.0169367	-0.0268879	-0.0480997	-0.04426	-0.0108866	-0.0140268	-0.0269466	-0.0277275	-0.0245123	-0.0269236	-0.00763723	-0.012345	1	-0.0117904	-0.00780095	-0.00799646	-0.0468412	-0.0237715	-0.0220713	-0.0151765	-0.0542372	-0.0100682	-0.0374603	0.197106	-0.0341263	-0.0154615	-0.0113901	-0.00912831	-0.0213223
-0.00523664	0.0161488	-0.00691114	0.0348969	0.004781	-0.0376837	-0.0156633	-0.00169076	-0.00441968	-3.75371e-4	0.00582378	-0.00452696	0.00396376	-0.0020741	0.017878	0.0133809	0.00401519	-0.0435009	0.00805619	-0.0185332	0.0214312	-0.0114822	-0.0186638	0.0391698	0.0159334	0.00903171	0.0086332	-0.007999	-8.08583e-4	0.0254157	-0.0268795	0.0124287	-0.048238	0.011676	0.0292149	-0.0148649	-0.00191301	0.136453	0.0224587	-0.0207638	-0.00664333	-0.0128492	0.00327373	0.0369445	-0.00919694	0.00560371	0.0295997	-0.0146183	-6.1398e-4	0.0141862	-0.00828005	0.0191453	0.0040151	-0.0130164	-0.00128627	0.00101248	-0.0736567	-0.0022262	-0.0195113	-0.0487171	-1.33087e-4	-0.0175299	-0.0096544	0.0117774	-0.0303567	-0.0368463	-0.028216	-0.00100339	-0.0137289	-0.0117904	1	0.00313181	-0.00837378	-0.0220362	-0.0577811	0.0256613	-0.0285102	-0.0596996	-0.0216344	-0.0344366	-0.0276538	-0.0304745	-0.00973598	-0.0174278	-0.00278654	0.464221
-0.00916857	0.00515898	0.00814816	-0.0373693	-0.0139504	-0.0305145	-0.0124027	-0.00317532	-0.0066292	4.8029e-4	-0.0079035	0.0150099	-0.00636919	0.0539628	-0.011076	-0.0326191	-0.0257998	-0.0342532	-0.00576116	0.277137	-0.0258491	-0.0210789	-0.0195851	-0.0123191	0.028122	-0.0103832	-0.0169963	-0.00416417	-0.00943571	0.0167249	-0.0320717	-0.0163729	-0.0325035	-0.0206575	-0.0190013	0.368853	-0.00912144	-0.00698583	-0.0125262	6.34466e-4	0.00285795	-0.0111213	-0.0294931	-0.0160874	0.00578427	-0.00523593	-0.0092082	-0.0199846	-0.011516	-0.00637323	0.00289273	-0.0035192	-7.44273e-4	-0.00710267	-0.00548139	-0.0267326	-0.0321694	-0.00864728	-0.0126232	-0.0452322	-0.044842	-0.00694545	9.71601e-4	-0.0177171	-0.0272549	-0.011988	-0.0148946	-0.00740685	-0.0132927	-0.00780095	0.00313181	1	-0.00435091	-0.0321176	-0.0327022	0.143137	-0.0111195	-0.0270503	-0.0168486	-0.0286196	-0.0348179	-0.0248966	-0.00697797	-0.00635174	-0.00276739	-0.00777936
-0.0155883	-0.00114636	-6.41618e-4	-0.00540365	-0.00693029	0.0268886	-0.00526309	-0.00728323	0.00377417	-9.97794e-4	-0.00362904	3.78138e-5	0.00508724	-0.00196886	-0.00464348	-0.0242563	-0.0135255	-0.0251537	-0.00632413	-0.0127781	-0.0113376	0.115404	-0.00448499	-0.00335335	-0.00676577	-0.00834242	-0.00888977	0.00195483	-0.00795237	0.0039436	-0.0234853	-0.00892693	-0.0262293	-0.0139767	-0.00893746	-0.0106687	-0.00437227	-0.00277774	-0.00437362	-0.00704035	-0.00312961	-0.00672242	-0.0132915	-0.00992658	0.00282705	-0.00338524	-0.0047036	-0.0105881	-0.00486685	0.322462	-0.00211886	-0.0074494	0.0132228	-0.00686297	-0.00311154	-0.013461	-0.0342194	-0.0117143	-0.0165766	-0.0302779	-0.0275795	-0.00803101	-0.00903032	-0.0200025	-0.0127336	-0.0136502	-0.0173095	-0.0060748	-0.00963192	-0.00799646	-0.00837378	-0.00435091	1	-0.0168601	-0.039631	0.129983	-0.0157686	-0.0256845	-0.0225869	-0.0207566	-0.0243916	-0.00965013	-0.0161198	-0.00986094	-0.00709811	-0.0046018
-0.00746131	0.0177483	-0.0182674	0.0301085	0.00443732	-0.0561399	-0.028507	-0.00195814	-0.0050583	0.0017919	0.01295	0.00483834	0.0858724	-0.0154974	0.00880688	-0.0293089	-0.0409669	-0.0550688	-0.0369752	-0.0295439	0.251657	-0.0525711	-0.0381282	-0.0306354	0.031648	0.025264000000000002	0.080342	-0.00350822	-0.00408833	-0.0147163	-0.0263048	-0.028981	-0.068109	0.19168	0.163304	-0.0284043	-0.00930922	-0.00614273	0.0167199	-0.042092	-0.0187577	-0.0207149	-0.0386952	0.0402063	0.0130456	-0.0153044	-0.00879583	-0.0457594	-0.0123204	-0.0137694	-0.0129318	0.0075482	-0.0129976	-0.0139167	0.0135244	0.511814	-0.0861879	-0.0410676	-0.0767771	-0.125106	0.298818	-0.0373103	-0.0446685	-0.11218	-0.0299217	-0.0401311	-0.0463756	0.120422	-0.0408887	-0.0468412	-0.0220362	-0.0321176	-0.0168601	1	-0.0378538	-0.0194437	-0.0235549	-0.0812933	-0.0170487	-0.0616504	-0.11221	-0.0712157	-0.0234492	-0.0116118	-0.0170635	-0.0445545
0.105419	0.00369457	-0.0132969	-0.00664577	-0.0189142	-0.0527605	-0.0133639	-0.0123744	0.0444174	-0.0276457	-0.0190865	-0.0127091	-0.0124655	-0.0124171	0.0475606	0.330303	-0.0210026	-0.0744191	-0.057776	-0.0439943	-0.0464669	-0.0290926	-0.022979	-0.0382635	-0.0202705	-0.00271633	-0.0374498	0.0226811	-0.019726	-0.0179884	0.346269	-0.0582262	-0.0764938	-0.047636	-0.0424363	-0.0404597	-0.0222435	-0.00403965	-0.0205322	-0.0292754	-0.015546	-0.0135233	-0.0198069	-0.0289405	-0.0305344	-0.0194246	-0.01764	-0.0243388	0.0261916	0.00508984	-0.018581	-0.0123973	-0.00809019	-0.0184864	-0.00863492	-0.0497551	0.6932	-0.0445757	-0.0356566	-0.0788012	-0.0713403	-0.0142094	-0.025199	-0.100433	-0.0898577	-0.122561	-0.118721	-0.0138928	-0.0192649	-0.0237715	-0.0577811	-0.0327022	-0.039631	-0.0378538	1	-0.154598	-0.0943253	-0.0700733	-0.121049	-0.0283198	0.021487	-0.00159751	-0.0770323	-0.0616329	-0.0454523	-7.88637e-5
0.0387301	0.00158394	-0.0139994	-0.00506274	0.0571084	-0.0375512	-0.0312481	-0.0012613	-0.010232	0.00805377	0.00109064	-0.0101248	0.00485876	-0.00228965	-0.00716374	-0.0313773	-0.0152287	-0.0652188	0.154077	0.0205784	-0.0180865	-0.0195428	-0.0393478	0.126774	7.05195e-4	-7.89745e-4	-0.007652	-0.0235509	0.00420579	0.00139758	-0.0424761	0.218192	-0.0631644	0.00842154	-0.0207414	0.0458525	-0.0208881	0.0147788	0.0168038	-0.0400365	-0.0161844	-0.0243453	-0.00469006	0.0821069	-0.0183191	-0.0138135	0.00141935	-0.0158135	-0.0266261	0.0381886	-0.0132568	-0.0144462	-0.0111339	-0.0222158	-0.00921428	-0.031487	-0.134347	0.174598	-0.0397873	-0.0833766	-0.0635959	-0.0177239	-0.022056	0.474391	-0.0856183	-0.0898565	-0.084769	-0.0091637	-0.0145515	-0.0220713	0.0256613	0.143137	0.129983	-0.0194437	-0.154598	1	-0.0728197	-0.0576773	-0.0965146	-0.0431393	-0.0399028	-0.0306639	-0.0749351	-0.0474496	-0.0437022	-0.0154906
-0.024247	0.015197	-0.00782475	0.0281726	-0.0152117	-0.0270467	-0.0154763	-2.48769e-4	-0.0125047	-1.5598e-4	0.0388624	-0.00825618	-0.00752415	0.0665307	-0.00784087	-0.0356732	-0.0377619	-0.0114623	0.0120805	-0.0254763	0.162472	-0.0245658	-0.0187636	-0.0180248	-0.0106619	-0.0103793	-0.0152135	-0.010177	0.0392858	-0.00896445	-0.0344196	-0.0195188	-0.0478731	-0.0174177	0.196237	-0.022418	0.0206578	-0.0105566	-0.0117744	-0.0226273	-0.00217014	-0.0167706	-0.0161993	-0.0212706	0.00107862	-0.00953613	-0.00829003	-0.0186815	-0.0192255	-0.0030866	0.00994698	0.0172272	-0.00553934	-0.0153205	0.0513686	-0.0260928	-0.0810807	-0.0226105	-0.0271577	-0.0530717	-0.0449985	-0.0125808	-0.0134243	-0.036600100000000003	-0.0271001	0.763727	-0.0504611	-0.00690197	-0.0123867	-0.0151765	-0.0285102	-0.0111195	-0.0157686	-0.0235549	-0.0943253	-0.0728197	1	-0.0470038	-0.0552184	-0.0276478	-0.0184093	-0.0121115	-0.0240472	-0.0250664	-0.013251	-0.00717544
-0.0815698	-0.0471283	-0.0140487	-0.108033	-0.0488964	0.368033	-0.0500478	-0.0318625	-0.0111072	-0.0347676	-0.0257567	-0.0159766	-0.0105471	-0.0215452	-0.0349445	-0.101001	-0.0364847	0.528141	-0.0704285	-0.0326733	-0.0773921	-0.0850637	-0.0594238	-0.0530584	-0.0578664	-0.0303507	-0.064132	-0.047363	-0.0383169	-0.0260063	-0.100923	-0.0576472	0.616018	-0.0762936	-0.0674726	-0.027373	-0.0391115	-0.0258872	-0.0495919	-0.0629652	-0.00264886	-0.0418585	-0.0956173	-0.0571967	-0.0252592	-0.0276306	-0.02586	-0.0588083	0.0699078	-0.0324173	-0.0130082	-0.0302712	-0.0205426	-0.0134748	-0.0285343	-0.0789763	-0.118809	-0.0478019	-0.0931753	-0.123012	-0.14656	-0.0408853	-0.0534956	-0.0832005	0.454333	-0.0589244	-0.0597475	-0.0276335	-0.0435936	-0.0542372	-0.0596996	-0.0270503	-0.0256845	-0.0812933	-0.0700733	-0.0576773	-0.0470038	1	-0.0459709	-0.147642	-0.108773	-0.0470719	-0.0407457	-0.026976	-0.024798	-0.0294141
-0.0140539	0.0236249	-0.0094975	0.0225277	3.26196e-4	-0.0325427	-0.0149059	0.00331288	-0.00922177	0.0299607	0.0331014	-0.00717969	-2.82688e-4	-0.0122541	-0.00403681	-0.043807	0.0389964	-0.0553521	-0.0264501	-0.0322916	-0.0091024	-0.0172526	-0.0225084	-0.00831731	0.0370999	0.015076	0.109273	0.0722103	0.00769696	0.0588868	-0.0469859	-0.0280685	-0.0559092	0.0942663	-0.00592065	-0.0289377	0.0106152	0.00391714	0.0423954	-0.0248888	-0.00694029	-0.0128224	0.0428088	-0.00597347	0.131783	0.0610027	0.0121949	-0.00972942	-0.0174379	-0.00382563	-0.00377599	-8.28881e-4	-0.0108354	-0.0180973	-0.014798	-0.0266774	-0.102576	-0.0299753	-0.0262886	-0.0608362	-0.0489132	-0.0120151	-8.32053e-4	-0.0651339	-0.0270344	-0.0579845	0.809962	-0.00925074	-0.0148851	-0.0100682	-0.0216344	-0.0168486	-0.0225869	-0.0170487	-0.121049	-0.0965146	-0.0552184	-0.0459709	1	-0.0232289	-0.00516015	-0.00976195	-0.0463652	-0.0304366	-0.0267785	-0.0037602
-0.0388549	-0.0266023	0.111081	-0.0287663	-0.0147456	-0.0958163	0.237491	0.0249951	-0.00510444	0.0188532	-0.0182264	0.058679	-0.0169015	-0.0159609	-0.0175004	-0.0682717	-0.0687854	-0.129268	0.0446796	0.090114	-0.0406189	0.133762	0.355921	-0.0300613	-0.0297106	-0.0253091	-0.0312265	-0.0207002	-0.0296398	-0.0127915	-0.0641167	-0.0372553	-0.128106	-0.048195	-0.0338515	-0.00734787	-0.0279772	-0.0171338	-0.0218572	0.413234	0.107586	0.233399	-0.0722217	-0.0364795	-0.0149248	-0.0137928	-0.00902474	-0.0402809	-0.0377954	-0.01502	0.00335615	-0.0196763	0.046832	0.178158	-0.0113649	-0.0553381	-0.087189	-0.0348976	-0.0655375	0.679101	-0.107246	-0.0314633	-0.0386692	-0.0971583	-0.0633773	-0.0424603	-0.044048	-0.00359514	-0.0257066	-0.0374603	-0.0344366	-0.0286196	-0.0207566	-0.0616504	-0.0283198	-0.0431393	-0.0276478	-0.147642	-0.0232289	1	-0.0908054	-0.0510045	-0.0261736	-0.0134752	-0.0182645	-0.0325344
-0.0223374	0.0141275	-0.0123122	0.0970005	0.00169975	-0.0892115	-0.0270012	0.021637	0.0107556	-0.0039887	0.0134742	-0.00620764	-0.00255983	0.0484206	-0.0109134	-0.03133	0.188258	-0.085903	-0.0117291	-0.0117451	-0.0376411	-0.049704	-0.0592802	0.00841753	0.0376971	0.0203552	0.0150929	0.00199087	0.055686	0.018084	-0.0295089	-0.0271287	-0.1173	-0.0139096	-0.0251439	0.00344041	0.0257757	-0.015076	0.033945	-0.0726985	-0.0116105	-0.0315314	0.232955	0.0176021	-0.00810859	0.0411788	0.0119217	-0.0554158	0.00920744	8.68396e-4	0.00665774	0.0207227	0.027781	-0.0307835	0.0142211	-0.0868577	-0.0841974	0.0146875	0.327203	-0.16931	0.280614	0.147708	0.184409	-0.121744	-0.0481909	-0.0409549	-0.0477505	-0.0225991	-0.0424794	0.197106	-0.0276538	-0.0348179	-0.0243916	-0.11221	0.021487	-0.0399028	-0.0184093	-0.108773	-0.00516015	-0.0908054	1	-0.120387	-0.0343083	-0.00982734	-0.0197919	-0.0729453
-0.0148552	0.00612817	-0.0228497	0.00108173	-0.0163375	0.0782578	-0.027778	-6.36219e-4	-0.0122718	-0.00564414	-0.00910825	-0.0122137	0.00130446	-0.0130841	-0.0114657	-0.0283111	-0.0443117	-0.0339385	-0.0391933	-0.0290065	-0.00766415	0.283709	-0.0364301	-0.00963801	-0.00347032	0.00334635	-0.00523744	-0.0183496	-0.0161658	-0.00581212	-0.0280403	-0.034461	-0.0411188	-0.00250547	-0.00429111	-0.0255557	-0.0173072	-0.00221578	0.00169291	-0.0371074	-0.0150029	-0.0189308	-0.0427321	-0.0133352	-0.0112614	-0.00516	-0.00817078	0.471553	-0.017799	0.00299662	-0.0112831	-0.00924514	-0.0170073	-0.0142	-0.0167141	-0.027499	-0.0534194	-0.0290966	-0.0575297	0.312894	-0.0763381	-0.0270847	-0.0338487	-0.0790009	-0.0153191	-0.0240006	-0.0245889	-0.00965175	0.396785	-0.0341263	-0.0304745	-0.0248966	-0.00965013	-0.0712157	-0.00159751	-0.0306639	-0.0121115	-0.0470719	-0.00976195	-0.0510045	-0.120387	1	-0.022242	-0.00676899	-0.0160303	-0.039295
-0.00710034	0.0330151	-0.00943435	-0.0114457	0.0591618	-0.0210458	-0.0132633	0.003335	2.39568e-4	0.00942704	-8.86117e-5	-0.00671379	0.00189957	-0.00706507	-0.00359434	-0.00961051	-0.0139091	-0.0360605	0.0202379	-0.022222	-0.0189488	-0.0157164	-0.0187526	-0.0062024	0.00419676	0.0233196	0.0452546	0.0444726	-0.00536056	-1.15711e-4	-0.0158838	0.0377892	-0.0414272	-0.00390005	-0.0161362	-0.0194665	0.174369	-0.00853329	0.0144608	-0.0231593	-0.00531116	-0.00886636	-0.0128532	-0.00107564	0.0309757	-0.00364097	0.0123225	-0.0150521	0.00806044	0.00373615	-0.00223845	0.0527144	-0.00834823	-0.0102487	-0.0144217	-0.0245483	-0.0649026	-0.0186717	-0.0250895	-0.0497293	-0.0440309	-0.0141449	-0.01352	-0.0250029	-0.0316594	-0.0309436	-0.034649	-0.00794603	-0.0122318	-0.0154615	-0.00973598	-0.00697797	-0.0161198	-0.0234492	-0.0770323	-0.0749351	-0.0240472	-0.0407457	-0.0463652	-0.0261736	-0.0343083	-0.022242	1	-0.019509	-0.0058087	-0.0139151
0.0890323	-0.016806	0.00400259	-0.0234479	-0.00566644	-0.032159600000000003	-0.00292614	-0.0119457	-0.0110531	0.00168454	-0.00615168	0.0269274	-0.00300632	-0.00613797	-0.00670549	-0.0332453	-0.0230639	-0.0366261	-0.00451381	0.29895	-0.0265078	-0.023604	-0.0119287	-0.0174303	-0.0143329	-0.0124464	-0.0211132	-0.00793494	-0.0113344	0.00489458	-0.0332673	-0.0129414	-0.0376883	-0.0223022	-0.0238813	0.374461	-0.014271	-0.0044193	-0.0156822	-0.00710227	-0.00814391	-0.00530219	-0.0251657	-0.0179413	0.00561764	-0.0084139	-0.00941739	-0.0153712	-0.0150993	-0.0107447	0.145437	-0.00221457	-0.0043926	-0.0107729	-0.00610355	-0.0154196	-0.038214	-0.0110393	-0.0182548	-0.0332454	-0.0279743	-0.00750986	-0.010734	-0.0282047	-0.0184256	0.471861	-0.0320213	-0.00505422	-0.00813213	-0.0113901	-0.0174278	-0.00635174	-0.00986094	-0.0116118	-0.0616329	-0.0474496	-0.0250664	-0.026976	-0.0304366	-0.0134752	-0.00982734	-0.00676899	-0.019509	1	-0.01231	-0.00163493
-6.7147e-4	0.0148088	0.0060897	0.00440618	-0.0049723	-0.0243964	-0.0106871	0.00902146	0.00612913	0.0249606	-0.00165897	-0.00353249	-0.00147565	-0.00131716	0.00400496	-0.016187	-0.0192744	-0.0262128	0.00649991	-0.0139089	-0.0138944	-0.014389	-0.0117742	-0.00253934	0.068391	0.00841007	-0.00192238	0.0839583	0.0203278	0.0208449	-0.020605	-0.00149514	-0.0293644	-0.00848759	-0.0145048	-0.0101196	0.0195481	0.0146487	0.0178677	-0.0115065	-0.00401825	-0.0031728	-0.0195944	-0.00624739	0.0275849	0.0420167	0.106875	-0.0108835	0.0026227	-0.00449053	0.00198434	0.00920204	-0.00106889	-0.0092679	-0.00356708	-0.0166439	-0.0239412	-0.0121234	-0.00354557	-0.0327519	-0.0301306	-0.00645625	-0.00231923	-0.0114125	0.0142238	-0.0186011	-0.0195799	-0.00696723	-0.00893962	-0.00912831	-0.00278654	-0.00276739	-0.00709811	-0.0170635	-0.0454523	-0.0437022	-0.013251	-0.024798	-0.0267785	-0.0182645	-0.0197919	-0.0160303	-0.0058087	-0.01231	1	-0.0110578
-0.00170096	0.0157254	-0.00275589	0.0265153	-0.00355835	-0.0202592	-0.0139455	-0.00428435	0.00136601	-0.00438523	0.00198428	-0.0045317	-0.001246	4.01935e-4	0.0144255	0.0336932	-0.0201102	-0.0233123	8.97279e-6	-0.014213	0.0210566	-0.00779057	-0.0219093	0.0334141	0.00474919	0.00246099	-8.52075e-4	-0.0055291	-0.00626814	0.0255275	-0.00939268	-0.00549559	-0.0223019	0.00235225	0.0322837	-0.0140283	-0.00858727	0.152246	0.0149008	-0.0255649	-0.00501457	-0.014417	-0.0164182	0.0242188	-0.00753756	0.00416486	0.0271477	-0.0134475	-0.00809494	0.0179334	0.027704	0.0221822	-0.00120217	-0.00550015	-0.0058665	-0.0103095	-0.0308027	-0.0185519	-0.0350332	-0.0509505	-0.0521772	-0.0138376	-0.0205853	-0.0316747	-0.0314092	-0.0131722	-0.0164356	-0.00895638	-0.0109473	-0.0213223	0.464221	-0.00777936	-0.0046018	-0.0445545	-7.88637e-5	-0.0154906	-0.00717544	-0.0294141	-0.0037602	-0.0325344	-0.0729453	-0.039295	-0.0139151	-0.00163493	-0.0110578	1
