Name	beta_liver	se_liver	pval_liver	n_liver	gene
HLA_DRB1*03:01	0.099316	0.056292	0.07768	100640	DRB1
HLA_DRB1*04:03	-0.183962	0.131466	0.161719	100640	DRB1
HLA_DRB1*04:05	0.00383	0.060322	0.94937	100640	DRB1
HLA_DRB1*04:06	-0.09711	0.083374	0.244121	100640	DRB1
HLA_DRB1*07:01	-0.077739	0.049245	0.114423	100640	DRB1
HLA_DRB1*08:03	0.082679	0.05278	0.117236	100640	DRB1
HLA_DRB1*09:01	0.127169	0.033866	1.73307e-4	100640	DRB1
HLA_DRB1*10:01	-0.094349	0.105492	0.371124	100640	DRB1
HLA_DRB1*11:01	0.048569	0.053716	0.365898	100640	DRB1
HLA_DRB1*12:01	0.083857	0.075133	0.264373	100640	DRB1
HLA_DRB1*12:02	0.10747	0.042374	0.0112057	100640	DRB1
HLA_DRB1*13:02	-0.34315	0.083668	4.10769e-5	100640	DRB1
HLA_DRB1*14:05	0.002056	0.097753	0.983224	100640	DRB1
HLA_DRB1*15:01	-0.09907	0.041395	0.0166997	100640	DRB1
HLA_DRB1*15:02	-0.079558	0.07761	0.305317	100640	DRB1
HLA_DRB1*16:02	0.087996	0.068612	0.199665	100640	DRB1
HLA_DQA1*01:01	-0.028811	0.040756	0.479614	100640	DQA1
HLA_DQA1*01:02	-0.102647	0.033502	0.00218452	100640	DQA1
HLA_DQA1*01:03	0.005276	0.044955	0.906572	100640	DQA1
HLA_DQA1*02:01	-0.088573	0.049189	0.0717558	100640	DQA1
HLA_DQA1*03:01	0.043971	0.028322	0.120533	100640	DQA1
HLA_DQA1*05:01	0.039328	0.033699	0.243204	100640	DQA1
HLA_DQA1*06:01	0.118643	0.042595	0.00534686	100640	DQA1
HLA_DQB1*02:01	-0.013217	0.039919	0.74057	100640	DQB1
HLA_DQB1*03:01	0.053337	0.030756	0.0828884	100640	DQB1
HLA_DQB1*03:02	-0.185364	0.056292	9.91517e-4	100640	DQB1
HLA_DQB1*03:03	0.140007	0.032426	1.5762e-5	100640	DQB1
HLA_DQB1*04:01	0.006524	0.059542	0.912749	100640	DQB1
HLA_DQB1*05:01	-0.187774	0.066404	0.00468785	100640	DQB1
HLA_DQB1*05:02	0.094131	0.046252	0.0418329	100640	DQB1
HLA_DQB1*05:03	0.027926	0.063865	0.661916	100640	DQB1
HLA_DQB1*06:01	-0.020405	0.041206	0.620464	100640	DQB1
HLA_DQB1*06:02	-0.079701	0.05094	0.117676	100640	DQB1
HLA_DQB1*06:09	-0.463855	0.112964	4.02185e-5	100640	DQB1
HLA_DPA1*01:03	-0.160417	0.026514	1.44689e-9	100640	DPA1
HLA_DPA1*02:01	-0.002682	0.042014	0.949098	100640	DPA1
HLA_DPA1*02:02	0.136977	0.025347	6.51339e-8	100640	DPA1
HLA_DPA1*04:01	0.122405	0.07735	0.113542	100640	DPA1
HLA_DPB1*02:01	-0.048735	0.033012	0.13987	100640	DPB1
HLA_DPB1*02:02	-0.105609	0.053321	0.0476336	100640	DPB1
HLA_DPB1*03:01	-0.152549	0.064311	0.0176907	100640	DPB1
HLA_DPB1*04:01	-0.169489	0.043512	9.81234e-5	100640	DPB1
HLA_DPB1*04:02	-0.172861	0.062647	0.00579307	100640	DPB1
HLA_DPB1*05:01	0.176759	0.025783	7.09831e-12	100640	DPB1
HLA_DPB1*09:01	0.082231	0.118769	0.488711	100640	DPB1
HLA_DPB1*13:01	0.111571	0.052987	0.0352366	100640	DPB1
HLA_DPB1*14:01	0.072953	0.076698	0.341519	100640	DPB1
HLA_DPB1*17:01	-0.287004	0.079114	2.8595e-4	100640	DPB1
HLA_DPB1*19:01	0.360417	0.119053	0.00246699	100640	DPB1
HLA_DPB1*21:01	-0.253393	0.094512	0.0073388	100640	DPB1
