Name	beta_hbv	se_hbv	pval_hbv	n_hbv	gene
HLA_DRB1*03:01	-0.1577873081614212	0.1260672517460086	0.21071121310448146	6474	DRB1
HLA_DRB1*04:03	-0.5102559138837073	0.22362141900809768	0.022502059435657085	6474	DRB1
HLA_DRB1*04:05	0.08596992437185565	0.11742544798473009	0.4640932205799697	6474	DRB1
HLA_DRB1*04:06	-0.10195126909278704	0.21215858012034203	0.6308415075125802	6474	DRB1
HLA_DRB1*07:01	-0.1779631407001723	0.2281708701260957	0.4354170285148525	6474	DRB1
HLA_DRB1*08:03	0.12133910137490847	0.11081565381776173	0.27353260689779896	6474	DRB1
HLA_DRB1*09:01	0.11626481833314894	0.08654524206290384	0.1791427107198024	6474	DRB1
HLA_DRB1*10:01	-0.6961155903998176	0.3727284639309032	0.0618148857984538	6474	DRB1
HLA_DRB1*11:01	0.11584343831896987	0.11661054083227346	0.3205045050420195	6474	DRB1
HLA_DRB1*12:01	0.05858026196080438	0.17152833267550152	0.7327125645524433	6474	DRB1
HLA_DRB1*12:02	0.3149008265988384	0.10322248353460646	0.0022830859739396145	6474	DRB1
HLA_DRB1*13:02	-1.1344291039022132	0.3132386335411912	2.9277188371636207e-4	6474	DRB1
HLA_DRB1*14:05	0.0015267178538010753	0.21386256138837015	0.9943041257437988	6474	DRB1
HLA_DRB1*15:01	-0.25398159169798756	0.13156192450492588	0.053543695417270804	6474	DRB1
HLA_DRB1*15:02	-0.11811917011332444	0.27381919649986847	0.6661946249622652	6474	DRB1
HLA_DRB1*16:02	-0.2134381845656047	0.16115358880536862	0.18535711109199346	6474	DRB1
HLA_DQA1*01:01	-0.08286645075282868	0.27455038638891355	0.76278469332963	6474	DQA1
HLA_DQA1*01:02	-0.3468830517119534	0.09745225343806393	3.715360477214973e-4	6474	DQA1
HLA_DQA1*01:03	0.04838440234605028	0.10978923070802485	0.6594282948117531	6474	DQA1
HLA_DQA1*02:01	-0.1779631407001723	0.2281708701260957	0.4354170285148525	6474	DQA1
HLA_DQA1*03:01	-0.33581751853578884	0.15387362838379823	0.02907824555222562	6474	DQA1
HLA_DQA1*05:01	-0.1577873081614212	0.1260672517460086	0.21071121310448146	6474	DQA1
HLA_DQA1*06:01	0.3261821040539117	0.1050460313064488	0.001901922231110407	6474	DQA1
HLA_DQB1*02:01	-0.1577873081614212	0.1260672517460086	0.21071121310448146	6474	DQB1
HLA_DQB1*03:01	0.22347959480297008	0.07716493708928673	0.0037779733281297313	6474	DQB1
HLA_DQB1*03:02	-0.3511008336037668	0.14588445831585278	0.016097173351417457	6474	DQB1
HLA_DQB1*03:03	0.10510478324501035	0.08598175110829241	0.22155336299870476	6474	DQB1
HLA_DQB1*04:01	0.1323287466587641	0.12193374733519384	0.27781040933772927	6474	DQB1
HLA_DQB1*05:01	-0.4799823292956292	0.2525167298177759	0.0573289772679986	6474	DQB1
HLA_DQB1*05:02	-0.008513127832512095	0.11207198926402573	0.9394499310985155	6474	DQB1
HLA_DQB1*05:03	0.2320645557186604	0.16359305200319407	0.1560309083655633	6474	DQB1
HLA_DQB1*06:01	0.03851818688955572	0.09984342005687344	0.6996552147345287	6474	DQB1
HLA_DQB1*06:02	-0.15666769013172882	0.17687238679970455	0.37574319731043754	6474	DQB1
HLA_DQB1*06:09	-1.0561434642127607	0.31400539359136453	7.697298175131951e-4	6474	DQB1
HLA_DPA1*01:03	2.3684054541723527	0.10809667045387981	2.082687305072009e-106	6474	DPA1
HLA_DPA1*02:01	-0.21806432888166324	0.1363228259011088	0.10968354372310363	6474	DPA1
HLA_DPA1*02:02	0.3021721981795215	0.06936655279708236	1.3236059130194483e-5	6474	DPA1
HLA_DPA1*04:01	-0.24129480115885643	0.21400305718264245	0.2595185939986838	6474	DPA1
HLA_DPB1*02:01	-0.20162680701458144	0.0969862943352864	0.037624647256563525	6474	DPB1
HLA_DPB1*02:02	-0.4359991284362172	0.15027644153176622	0.003716014320861507	6474	DPB1
HLA_DPB1*03:01	-0.2941595447498801	0.17114733671981985	0.08565983979490427	6474	DPB1
HLA_DPB1*04:01	-0.42086100926292563	0.14300408001794976	0.0032504840526612474	6474	DPB1
HLA_DPB1*04:02	-0.09377943246273245	0.2520950050261453	0.7098925817902211	6474	DPB1
HLA_DPB1*05:01	0.3887618253624819	0.06647436948878364	4.966325982203249e-9	6474	DPB1
HLA_DPB1*09:01	-0.7884573603638272	0.35019329091569285	0.024354398906073667	6474	DPB1
HLA_DPB1*13:01	-0.13596947871203544	0.1380034191016707	0.3244955568467504	6474	DPB1
HLA_DPB1*14:01	-0.09549208539582313	0.2248116716706394	0.6710081382052868	6474	DPB1
HLA_DPB1*17:01	-0.6457916862478272	0.3991820105518983	0.10570839071591367	6474	DPB1
HLA_DPB1*19:01	0.12403128092032607	0.2636109663481555	0.6379915445487234	6474	DPB1
HLA_DPB1*21:01	0.4324668229724882	0.2153141579367666	0.04458607587780978	6474	DPB1
