Name	beta_ms	se_ms	N_ms	beta_ebna	se_ebna	N_ebna	gene
G*01:01:01	-0.082764	0.032331	429822	0.0141375	0.015906	7247	G
G*01:04:04	0.059263	0.144366	429822	0.0768474	0.070867	7247	G
G*01:01:02	-0.050757	0.043057	429822	-0.0175681	0.018972	7247	G
G*01:01:03	0.120691	0.061987	429822	9.31893e-4	0.033494	7247	G
G*01:05N	-0.112573	0.158904	429822	-0.293138	0.078049	7247	G
G*01:06:01	0.155703	0.059848	429822	0.00211038	0.035066	7247	G
G*01:03:01	0.079183	0.084737	429822	-0.05486	0.044858	7247	G
G*01:01:23	0.403914	0.203858	429822	0.116646	0.107174	7247	G
G*01:04:01	0.064791	0.061017	429822	0.0227429	0.033499	7247	G
G*01:01:22	-0.073636	0.122912	429822	0.0764438	0.068293	7247	G
G*01:01:17	0.36016	0.222359	429822	0.0965452	0.109071	7247	G
H*02:03:02	0.097487	0.07527	429822	0.0835571	0.043836	7247	H
H*01:01:01	-0.273281	0.032456	429822	-0.035520500000000003	0.016453	7247	H
H*01:02:01	0.094125	0.065137	429822	0.0910893	0.035666	7247	H
H*02:01:01	0.004412	0.04824	429822	-0.0515434	0.018891	7247	H
H*02:04:01	0.180541	0.036389	429822	0.102121	0.022049	7247	H
H*02:07:01	0.098207	0.054938	429822	0.016074	0.033515	7247	H
H*02:05:01	-0.082885	0.063786	429822	-0.0346333	0.035256	7247	H
H*02:02:01	0.022945	0.085854	429822	-0.0640888	0.039684	7247	H
H*02:09	0.030592	0.08194	429822	-0.0426256	0.04852	7247	H
H*01:03:01	0.230043	0.146069	429822	0.0906557	0.084284	7247	H
H*01:01:02	0.542589	0.115693	429822	-0.128187	0.077917	7247	H
H*02:12	-0.016277	0.207562	429822	-0.260143	0.105717	7247	H
A*03:01:01	0.201088	0.042053	429822	0.127765	0.023335	7247	A
A*24:02:01	-0.021138	0.057597	429822	0.0258083	0.032137	7247	A
A*23:01:01	0.134848	0.126634	429822	0.0669832	0.059978	7247	A
A*02:01:01	-0.311343	0.038057	429822	-0.0320444	0.018912	7247	A
A*11:01:01	0.09191	0.062952	429822	0.0149515	0.033954	7247	A
A*01:01:01	0.039264	0.057634	429822	-0.0660049	0.024063	7247	A
A*01:01:03	-0.033175	0.080214	429822	-0.0461979	0.042015	7247	A
A*29:02:01	0.142623	0.096052	429822	-0.0751506	0.041331	7247	A
A*32:01:01	0.029739	0.083874	429822	0.0719672	0.046182	7247	A
A*25:01:01	0.174691	0.131625	429822	0.0848072	0.069757	7247	A
A*31:71	-0.097457	0.183034	429822	0.00506051	0.096841	7247	A
A*26:01:01	-0.064166	0.116259	429822	0.117117	0.064071	7247	A
A*68:01:02	-0.182562	0.130873	429822	-0.0691942	0.073625	7247	A
A*68:01:24	-0.2257	0.163867	429822	0.107036	0.091738	7247	A
A*02:05:01	0.288575	0.179677	429822	0.0643935	0.097569	7247	A
A*31:135	0.201428	0.187426	429822	-0.0195815	0.097568	7247	A
A*31:01:02	-0.035883	0.143061	429822	-0.0838063	0.077445	7247	A
A*68:01:01	-0.154989	0.208396	429822	0.107176	0.107034	7247	A
A*68:02:01	0.177552	0.203747	429822	-0.0300975	0.109651	7247	A
A*02:01:18	-0.287663	0.105313	429822	-0.0614798	0.054792	7247	A
A*02:06:09	0.372547	0.157121	429822	0.0278438	0.090766	7247	A
C*07:02:01	0.322592	0.041739	429822	0.143155	0.023037	7247	C
C*05:01:01	-0.110251	0.050953	429822	-0.0734972	0.026087	7247	C
C*07:01:01	-0.323399	0.06163	429822	-0.0644334	0.02178	7247	C
C*04:01:01	0.14388599999999999	0.057324	429822	-0.00305229	0.032405	7247	C
C*08:02:01	0.18645	0.076777	429822	-0.0607966	0.042716	7247	C
C*03:04:01	-0.198435	0.063188	429822	-0.024671	0.031581	7247	C
C*06:02:01	0.080845	0.054814	429822	-0.0750572	0.028856	7247	C
C*16:01:01	-0.02121	0.094695	429822	-0.10292	0.040243	7247	C
C*01:02:01	-0.298548	0.095252	429822	0.00323453	0.046796	7247	C
C*02:02:02	0.020795	0.084354	429822	0.00791871	0.044735	7247	C
C*15:02:01	0.130525	0.122715	429822	0.227809	0.068454	7247	C
C*03:03:01	-0.042205	0.076014	429822	0.0786715	0.041543	7247	C
C*03:535	-0.331213	0.150909	429822	-0.16481	0.07483	7247	C
C*12:03:01	0.076492	0.086808	429822	0.105455	0.050501	7247	C
C*07:04:01	-0.550345	0.13127	429822	0.19747	0.062343	7247	C
C*14:02:01	-0.050474	0.160094	429822	0.0212884	0.088876	7247	C
C*04:328:02	0.044259	0.156793	429822	0.0225372	0.082172	7247	C
B*07:02:01	0.350248	0.040158	429822	0.153118	0.022699	7247	B
B*35:01:01	0.08344	0.073241	429822	0.00486454	0.039809	7247	B
B*08:01:01	-0.475206	0.078838	429822	-0.124639	0.023141	7247	B
B*15:01:01	-0.044372	0.062788	429822	0.0190232	0.03315	7247	B
B*40:01:02	-0.255338	0.072244	429822	0.00312614	0.03652	7247	B
B*14:02:01	0.157319	0.095127	429822	-0.0259273	0.050325	7247	B
B*55:01:01	-0.272665	0.126328	429822	-0.171467	0.066087	7247	B
B*39:06:02	0.070925	0.169669	429822	-0.11068	0.088667	7247	B
B*51:01:01	0.11688	0.084688	429822	0.144528	0.045855	7247	B
B*44:03:01	0.030659	0.08557	429822	-0.101477	0.035964	7247	B
B*50:01:01	0.549095	0.142614	429822	-0.0017279	0.089169	7247	B
B*13:02:01	-0.156262	0.121708	429822	-0.23759	0.06256	7247	B
B*44:02:01	-0.419696	0.055347	429822	0.0111965	0.027314	7247	B
B*27:05:02	-0.248594	0.083068	429822	-0.0356591	0.03948	7247	B
B*38:01:01	-0.983543	0.19755	429822	0.0351666	0.097819	7247	B
B*40:02:01	-0.249336	0.15851	429822	-0.068174	0.082508	7247	B
B*39:01:01	0.123564	0.15815	429822	-0.014197	0.081846	7247	B
B*57:01:01	-0.218223	0.084134	429822	-0.147195	0.043919	7247	B
B*18:01:01	0.411182	0.073821	429822	0.0450549	0.046633	7247	B
B*37:01:01	0.453848	0.109846	429822	0.0716441	0.067917	7247	B
B*58:01:01	-0.309762	0.21113	429822	-0.0453883	0.108239	7247	B
B*35:03:01	0.273116	0.137376	429822	0.0266236	0.083365	7247	B
B*45:01:01	0.483606	0.172088	429822	-0.0287539	0.112571	7247	B
B*14:01:01	0.290829	0.131423	429822	-0.0851598	0.074893	7247	B
B*49:01:01	-0.146302	0.145464	429822	0.099417	0.069109	7247	B
DRB1*04:04:01	-0.074492	0.073924	429822	-0.103999	0.041254	7247	DRB1
DRB1*15:01:01	0.783011	0.035351	429822	0.232672	0.022461	7247	DRB1
DRB1*01:03:01	0.302918	0.104758	429822	0.10807	0.05958	7247	DRB1
DRB1*11:01:01	-0.371383	0.084622	429822	0.258156	0.041253	7247	DRB1
DRB1*07:01:01	-0.21906	0.055187	429822	-0.200552	0.024292	7247	DRB1
DRB1*04:01:01	-0.437771	0.052788	429822	-0.128493	0.025445	7247	DRB1
DRB1*13:03:01	0.457576	0.145017	429822	0.188134	0.082811	7247	DRB1
DRB1*11:04:01	-0.709746	0.157689	429822	0.258908	0.074866	7247	DRB1
DRB1*03:147	-0.0176	0.056899	429822	-0.174567	0.026128	7247	DRB1
DRB1*01:01:01	-0.204161	0.057328	429822	-0.00135143	0.029054	7247	DRB1
DRB1*03:01:01	-0.00949	0.073087	429822	-0.187163	0.041077	7247	DRB1
DRB1*01:120	-0.488921	0.148685	429822	-0.0511371	0.069001	7247	DRB1
DRB1*13:02:01	-0.112852	0.07727	429822	0.053215	0.042091	7247	DRB1
DRB1*13:01:01	-0.276071	0.073786	429822	0.146005	0.036363	7247	DRB1
DRB1*09:01:02	-0.308279	0.147003	429822	0.220365	0.071217	7247	DRB1
DRB1*14:54:01	-0.517696	0.123897	429822	0.189829	0.057772	7247	DRB1
DRB1*12:01:01	-0.292739	0.131598	429822	0.480518	0.067136	7247	DRB1
DRB1*04:08:01	-0.260939	0.205727	429822	-0.081516	0.113973	7247	DRB1
DRB1*08:01:01	-0.093807	0.154405	429822	-0.131939	0.082394	7247	DRB1
DRB1*01:02:01	-0.297867	0.188609	429822	-0.233401	0.106382	7247	DRB1
DRB1*10:01:01	0.119916	0.188821	429822	-0.0886467	0.113333	7247	DRB1
DRB1*04:05:01	-0.263058	0.211065	429822	-0.0490665	0.107657	7247	DRB1
DRB1*04:07:01	-0.15364	0.132615	429822	-0.286793	0.082053	7247	DRB1
DRB1*08:77	0.295077	0.151542	429822	0.0257913	0.080319	7247	DRB1
DQA1*05:01:01	0.219034	0.063191	429822	-0.0640446	0.034943	7247	DQA1
DQA1*01:02:01	0.635348	0.033116	429822	0.1993	0.020394	7247	DQA1
DQA1*01:01:01	-0.173036	0.049049	429822	0.00937621	0.025036	7247	DQA1
DQA1*05:05:01	0.044811	0.083733	429822	0.42697	0.045317	7247	DQA1
DQA1*02:01:01	0.263733	0.068323	429822	0.0391981	0.039352	7247	DQA1
DQA1*05:21	-0.036421	0.190091	429822	0.0439035	0.108302	7247	DQA1
DQA1*01:03:01	-0.280471	0.064022	429822	0.0979618	0.032164	7247	DQA1
DQA1*01:04:01	-0.525592	0.115606	429822	0.214187	0.052776000000000003	7247	DQA1
DQA1*01:46	0.245719	0.090778	429822	0.166543	0.054639	7247	DQA1
DQA1*01:02:02	0.071911	0.075132	429822	0.0404565	0.041055	7247	DQA1
DQA1*01:01:02	-0.204678	0.162598	429822	-0.196707	0.094326	7247	DQA1
DQA1*04:01:01	0.605346	0.17996500000000001	429822	-0.0375557	0.1119	7247	DQA1
DQA1*03:01:01	0.045711	0.13257	429822	0.00646781	0.072169	7247	DQA1
DQA1*03:03:01	0.137642	0.129377	429822	-0.170119	0.07092	7247	DQA1
DQB1*03:02:01	-0.098845	0.055339	429822	-0.0359147	0.029519	7247	DQB1
DQB1*06:02:01	0.696622	0.045811	429822	0.183626	0.02884	7247	DQB1
DQB1*05:01:01	-0.193146	0.063923	429822	-0.0193865	0.033583	7247	DQB1
DQB1*06:04:01	-0.267406	0.10636	429822	-0.0294505	0.052987	7247	DQB1
DQB1*02:01:01	0.130972	0.063171	429822	-0.0553061	0.033293	7247	DQB1
DQB1*06:03:01	-0.118473	0.078766	429822	0.114422	0.042474	7247	DQB1
DQB1*02:02:03	0.074936	0.111683	429822	-0.173358	0.055308	7247	DQB1
DQB1*03:01:01	-0.178164	0.052042	429822	0.102162	0.027864	7247	DQB1
DQB1*03:03:02	-0.152847	0.083131	429822	-0.0455877	0.047075	7247	DQB1
DQB1*06:47	0.599208	0.086321	429822	0.224916	0.054226	7247	DQB1
DQB1*05:163	0.065552	0.098251	429822	0.0836577	0.053073	7247	DQB1
DQB1*02:01:08	-0.068901	0.074963	429822	-0.351188	0.038915	7247	DQB1
DQB1*02:02:01	-0.006601	0.080746	429822	-0.152335	0.038568	7247	DQB1
DQB1*06:293	0.602716	0.096613	429822	0.255214	0.06055	7247	DQB1
DQB1*03:96	-0.535524	0.159504	429822	-0.0502378	0.077009	7247	DQB1
DQB1*05:03:01	-0.484101	0.129137	429822	0.204273	0.062149	7247	DQB1
DQB1*05:226	-0.471321	0.149018	429822	-0.112419	0.068055	7247	DQB1
DQB1*06:376	0.96121	0.095865	429822	0.3081	0.066755	7247	DQB1
DQB1*06:44	-0.209495	0.149772	429822	0.139064	0.073628	7247	DQB1
DQB1*06:09:01	0.137614	0.156245	429822	0.142632	0.083924	7247	DQB1
DQB1*03:251	-0.509898	0.173745	429822	-0.0456917	0.084292	7247	DQB1
DQB1*05:02:01	-0.088938	0.184197	429822	0.185307	0.098656	7247	DQB1
DQB1*03:22:01	-0.430117	0.107298	429822	-0.0479792	0.051877	7247	DQB1
DQB1*04:02:01	0.290071	0.119331	429822	0.0406384	0.068227	7247	DQB1
DQB1*02:80	-0.356222	0.135708	429822	-0.455065	0.064687	7247	DQB1
DQB1*02:59	0.1629	0.1155	429822	-0.454104	0.066241	7247	DQB1
DPB1*02:01:02	-0.11409	0.047445	429822	0.0294416	0.025539	7247	DPB1
DPB1*04:01:01	0.033842	0.029292	429822	0.00375947	0.015964	7247	DPB1
DPB1*01:01:01	-0.301119	0.06893	429822	0.0436029	0.034859	7247	DPB1
DPB1*04:02:01	-0.105442	0.048719	429822	0.141528	0.026131	7247	DPB1
DPB1*10:01:01	0.066454	0.115651	429822	0.0148618	0.062915	7247	DPB1
DPB1*06:01:01	0.020142	0.105329	429822	-0.0494322	0.059957	7247	DPB1
DPB1*03:01:01	0.126318	0.050843	429822	-0.203008	0.029399	7247	DPB1
DPB1*104:01:01	0.388462	0.133532	429822	-0.166165	0.085106	7247	DPB1
DPB1*17:01:01	-0.019737	0.147198	429822	-0.0330032	0.085248	7247	DPB1
DPB1*05:01:01	0.103919	0.104069	429822	0.184782	0.055981	7247	DPB1
DPB1*09:01:01	0.19768	0.18117	429822	-0.00926261	0.102299	7247	DPB1
DPB1*15:01:01	0.113468	0.175211	429822	0.0761577	0.098536	7247	DPB1
DPB1*20:01:01	0.201304	0.186607	429822	-3.87051e-5	0.096775	7247	DPB1
DPB1*11:01:01	-0.189995	0.1067	429822	-0.179968	0.051656	7247	DPB1
DPB1*13:01:01	-0.202695	0.124871	429822	-0.0809261	0.068791	7247	DPB1
DPB1*02:02:01	0.561693	0.147516	429822	-0.392054	0.094855	7247	DPB1
DPB1*16:01:01	-0.229398	0.1779	429822	0.053063	0.105108	7247	DPB1
DPB1*14:01:01	0.189374	0.146969	429822	0.065608	0.082423	7247	DPB1
