Name	beta	se	N
G*01:01:01	0.0141375	0.015906	7247
G*01:04:04	0.0768474	0.070867	7247
G*01:01:02	-0.0175681	0.018972	7247
G*01:01:03	0.000931893	0.033494	7247
G*01:05N	-0.293138	0.078049	7247
G*01:06:01	0.00211038	0.035066	7247
G*01:03:01	-0.05486	0.044858	7247
G*01:01:23	0.116646	0.107174	7247
G*01:04:01	0.0227429	0.033499	7247
G*01:01:22	0.0764438	0.068293	7247
G*01:01:17	0.0965452	0.109071	7247
H*02:03:02	0.0835571	0.043836	7247
H*01:01:01	-0.0355205	0.016453	7247
H*01:02:01	0.0910893	0.035666	7247
H*02:01:01	-0.0515434	0.018891	7247
H*02:04:01	0.102121	0.022049	7247
H*02:07:01	0.016074	0.033515	7247
H*02:05:01	-0.0346333	0.035256	7247
H*02:02:01	-0.0640888	0.039684	7247
H*02:09	-0.0426256	0.04852	7247
H*01:03:01	0.0906557	0.084284	7247
H*01:01:02	-0.128187	0.077917	7247
H*02:12	-0.260143	0.105717	7247
A*03:01:01	0.127765	0.023335	7247
A*24:02:01	0.0258083	0.032137	7247
A*23:01:01	0.0669832	0.059978	7247
A*02:01:01	-0.0320444	0.018912	7247
A*11:01:01	0.0149515	0.033954	7247
A*01:01:01	-0.0660049	0.024063	7247
A*01:01:03	-0.0461979	0.042015	7247
A*29:02:01	-0.0751506	0.041331	7247
A*32:01:01	0.0719672	0.046182	7247
A*25:01:01	0.0848072	0.069757	7247
A*31:71	0.00506051	0.096841	7247
A*26:01:01	0.117117	0.064071	7247
A*68:01:02	-0.0691942	0.073625	7247
A*68:01:24	0.107036	0.091738	7247
A*02:05:01	0.0643935	0.097569	7247
A*31:135	-0.0195815	0.097568	7247
A*31:01:02	-0.0838063	0.077445	7247
A*68:01:01	0.107176	0.107034	7247
A*68:02:01	-0.0300975	0.109651	7247
A*02:01:18	-0.0614798	0.054792	7247
A*02:06:09	0.0278438	0.090766	7247
C*07:02:01	0.143155	0.023037	7247
C*05:01:01	-0.0734972	0.026087	7247
C*07:01:01	-0.0644334	0.02178	7247
C*04:01:01	-0.00305229	0.032405	7247
C*08:02:01	-0.0607966	0.042716	7247
C*03:04:01	-0.024671	0.031581	7247
C*06:02:01	-0.0750572	0.028856	7247
C*16:01:01	-0.10292	0.040243	7247
C*01:02:01	0.00323453	0.046796	7247
C*02:02:02	0.00791871	0.044735	7247
C*15:02:01	0.227809	0.068454	7247
C*03:03:01	0.0786715	0.041543	7247
C*03:535	-0.16481	0.07483	7247
C*12:03:01	0.105455	0.050501	7247
C*07:04:01	0.19747	0.062343	7247
C*14:02:01	0.0212884	0.088876	7247
C*04:328:02	0.0225372	0.082172	7247
B*07:02:01	0.153118	0.022699	7247
B*35:01:01	0.00486454	0.039809	7247
B*08:01:01	-0.124639	0.023141	7247
B*15:01:01	0.0190232	0.03315	7247
B*40:01:02	0.00312614	0.03652	7247
B*14:02:01	-0.0259273	0.050325	7247
B*55:01:01	-0.171467	0.066087	7247
B*39:06:02	-0.11068	0.088667	7247
B*51:01:01	0.144528	0.045855	7247
B*44:03:01	-0.101477	0.035964	7247
B*50:01:01	-0.0017279	0.089169	7247
B*13:02:01	-0.23759	0.06256	7247
B*44:02:01	0.0111965	0.027314	7247
B*27:05:02	-0.0356591	0.03948	7247
B*38:01:01	0.0351666	0.097819	7247
B*40:02:01	-0.068174	0.082508	7247
B*39:01:01	-0.014197	0.081846	7247
B*57:01:01	-0.147195	0.043919	7247
B*18:01:01	0.0450549	0.046633	7247
B*37:01:01	0.0716441	0.067917	7247
B*58:01:01	-0.0453883	0.108239	7247
B*35:03:01	0.0266236	0.083365	7247
B*45:01:01	-0.0287539	0.112571	7247
B*14:01:01	-0.0851598	0.074893	7247
B*49:01:01	0.099417	0.069109	7247
DRB1*04:04:01	-0.103999	0.041254	7247
DRB1*15:01:01	0.232672	0.022461	7247
DRB1*01:03:01	0.10807	0.05958	7247
DRB1*11:01:01	0.258156	0.041253	7247
DRB1*07:01:01	-0.200552	0.024292	7247
DRB1*04:01:01	-0.128493	0.025445	7247
DRB1*13:03:01	0.188134	0.082811	7247
DRB1*11:04:01	0.258908	0.074866	7247
DRB1*03:147	-0.174567	0.026128	7247
DRB1*01:01:01	-0.00135143	0.029054	7247
DRB1*03:01:01	-0.187163	0.041077	7247
DRB1*01:120	-0.0511371	0.069001	7247
DRB1*13:02:01	0.053215	0.042091	7247
DRB1*13:01:01	0.146005	0.036363	7247
DRB1*09:01:02	0.220365	0.071217	7247
DRB1*14:54:01	0.189829	0.057772	7247
DRB1*12:01:01	0.480518	0.067136	7247
DRB1*04:08:01	-0.081516	0.113973	7247
DRB1*08:01:01	-0.131939	0.082394	7247
DRB1*01:02:01	-0.233401	0.106382	7247
DRB1*10:01:01	-0.0886467	0.113333	7247
DRB1*04:05:01	-0.0490665	0.107657	7247
DRB1*04:07:01	-0.286793	0.082053	7247
DRB1*08:77	0.0257913	0.080319	7247
DQA1*05:01:01	-0.0640446	0.034943	7247
DQA1*01:02:01	0.1993	0.020394	7247
DQA1*01:01:01	0.00937621	0.025036	7247
DQA1*05:05:01	0.42697	0.045317	7247
DQA1*02:01:01	0.0391981	0.039352	7247
DQA1*05:21	0.0439035	0.108302	7247
DQA1*01:03:01	0.0979618	0.032164	7247
DQA1*01:04:01	0.214187	0.052776	7247
DQA1*01:46	0.166543	0.054639	7247
DQA1*01:02:02	0.0404565	0.041055	7247
DQA1*01:01:02	-0.196707	0.094326	7247
DQA1*04:01:01	-0.0375557	0.1119	7247
DQA1*03:01:01	0.00646781	0.072169	7247
DQA1*03:03:01	-0.170119	0.07092	7247
DQB1*03:02:01	-0.0359147	0.029519	7247
DQB1*06:02:01	0.183626	0.02884	7247
DQB1*05:01:01	-0.0193865	0.033583	7247
DQB1*06:04:01	-0.0294505	0.052987	7247
DQB1*02:01:01	-0.0553061	0.033293	7247
DQB1*06:03:01	0.114422	0.042474	7247
DQB1*02:02:03	-0.173358	0.055308	7247
DQB1*03:01:01	0.102162	0.027864	7247
DQB1*03:03:02	-0.0455877	0.047075	7247
DQB1*06:47	0.224916	0.054226	7247
DQB1*05:163	0.0836577	0.053073	7247
DQB1*02:01:08	-0.351188	0.038915	7247
DQB1*02:02:01	-0.152335	0.038568	7247
DQB1*06:293	0.255214	0.06055	7247
DQB1*03:96	-0.0502378	0.077009	7247
DQB1*05:03:01	0.204273	0.062149	7247
DQB1*05:226	-0.112419	0.068055	7247
DQB1*06:376	0.3081	0.066755	7247
DQB1*06:44	0.139064	0.073628	7247
DQB1*06:09:01	0.142632	0.083924	7247
DQB1*03:251	-0.0456917	0.084292	7247
DQB1*05:02:01	0.185307	0.098656	7247
DQB1*03:22:01	-0.0479792	0.051877	7247
DQB1*04:02:01	0.0406384	0.068227	7247
DQB1*02:80	-0.455065	0.064687	7247
DQB1*02:59	-0.454104	0.066241	7247
DPB1*02:01:02	0.0294416	0.025539	7247
DPB1*04:01:01	0.00375947	0.015964	7247
DPB1*01:01:01	0.0436029	0.034859	7247
DPB1*04:02:01	0.141528	0.026131	7247
DPB1*10:01:01	0.0148618	0.062915	7247
DPB1*06:01:01	-0.0494322	0.059957	7247
DPB1*03:01:01	-0.203008	0.029399	7247
DPB1*104:01:01	-0.166165	0.085106	7247
DPB1*17:01:01	-0.0330032	0.085248	7247
DPB1*05:01:01	0.184782	0.055981	7247
DPB1*09:01:01	-0.00926261	0.102299	7247
DPB1*15:01:01	0.0761577	0.098536	7247
DPB1*20:01:01	-3.87051e-05	0.096775	7247
DPB1*11:01:01	-0.179968	0.051656	7247
DPB1*13:01:01	-0.0809261	0.068791	7247
DPB1*02:02:01	-0.392054	0.094855	7247
DPB1*16:01:01	0.053063	0.105108	7247
DPB1*14:01:01	0.065608	0.082423	7247
