Name	beta	se	N
G*01:01:01	-0.082764	0.032331	429822
G*01:04:04	0.059263	0.144366	429822
G*01:01:02	-0.050757	0.043057	429822
G*01:01:03	0.120691	0.061987	429822
G*01:05N	-0.112573	0.158904	429822
G*01:06:01	0.155703	0.059848	429822
G*01:03:01	0.079183	0.084737	429822
G*01:01:23	0.403914	0.203858	429822
G*01:04:01	0.064791	0.061017	429822
G*01:01:22	-0.073636	0.122912	429822
G*01:01:17	0.36016	0.222359	429822
H*02:03:02	0.097487	0.07527	429822
H*01:01:01	-0.273281	0.032456	429822
H*01:02:01	0.094125	0.065137	429822
H*02:01:01	0.004412	0.04824	429822
H*02:04:01	0.180541	0.036389	429822
H*02:07:01	0.098207	0.054938	429822
H*02:05:01	-0.082885	0.063786	429822
H*02:02:01	0.022945	0.085854	429822
H*02:09	0.030592	0.08194	429822
H*01:03:01	0.230043	0.146069	429822
H*01:01:02	0.542589	0.115693	429822
H*02:12	-0.016277	0.207562	429822
A*03:01:01	0.201088	0.042053	429822
A*24:02:01	-0.021138	0.057597	429822
A*23:01:01	0.134848	0.126634	429822
A*02:01:01	-0.311343	0.038057	429822
A*11:01:01	0.09191	0.062952	429822
A*01:01:01	0.039264	0.057634	429822
A*01:01:03	-0.033175	0.080214	429822
A*29:02:01	0.142623	0.096052	429822
A*32:01:01	0.029739	0.083874	429822
A*25:01:01	0.174691	0.131625	429822
A*31:71	-0.097457	0.183034	429822
A*26:01:01	-0.064166	0.116259	429822
A*68:01:02	-0.182562	0.130873	429822
A*68:01:24	-0.2257	0.163867	429822
A*02:05:01	0.288575	0.179677	429822
A*31:135	0.201428	0.187426	429822
A*31:01:02	-0.035883	0.143061	429822
A*68:01:01	-0.154989	0.208396	429822
A*68:02:01	0.177552	0.203747	429822
A*02:01:18	-0.287663	0.105313	429822
A*02:06:09	0.372547	0.157121	429822
C*07:02:01	0.322592	0.041739	429822
C*05:01:01	-0.110251	0.050953	429822
C*07:01:01	-0.323399	0.06163	429822
C*04:01:01	0.143886	0.057324	429822
C*08:02:01	0.18645	0.076777	429822
C*03:04:01	-0.198435	0.063188	429822
C*06:02:01	0.080845	0.054814	429822
C*16:01:01	-0.02121	0.094695	429822
C*01:02:01	-0.298548	0.095252	429822
C*02:02:02	0.020795	0.084354	429822
C*15:02:01	0.130525	0.122715	429822
C*03:03:01	-0.042205	0.076014	429822
C*03:535	-0.331213	0.150909	429822
C*12:03:01	0.076492	0.086808	429822
C*07:04:01	-0.550345	0.13127	429822
C*14:02:01	-0.050474	0.160094	429822
C*04:328:02	0.044259	0.156793	429822
B*07:02:01	0.350248	0.040158	429822
B*35:01:01	0.08344	0.073241	429822
B*08:01:01	-0.475206	0.078838	429822
B*15:01:01	-0.044372	0.062788	429822
B*40:01:02	-0.255338	0.072244	429822
B*14:02:01	0.157319	0.095127	429822
B*55:01:01	-0.272665	0.126328	429822
B*39:06:02	0.070925	0.169669	429822
B*51:01:01	0.11688	0.084688	429822
B*44:03:01	0.030659	0.08557	429822
B*50:01:01	0.549095	0.142614	429822
B*13:02:01	-0.156262	0.121708	429822
B*44:02:01	-0.419696	0.055347	429822
B*27:05:02	-0.248594	0.083068	429822
B*38:01:01	-0.983543	0.19755	429822
B*40:02:01	-0.249336	0.15851	429822
B*39:01:01	0.123564	0.15815	429822
B*57:01:01	-0.218223	0.084134	429822
B*18:01:01	0.411182	0.073821	429822
B*37:01:01	0.453848	0.109846	429822
B*58:01:01	-0.309762	0.21113	429822
B*35:03:01	0.273116	0.137376	429822
B*45:01:01	0.483606	0.172088	429822
B*14:01:01	0.290829	0.131423	429822
B*49:01:01	-0.146302	0.145464	429822
DRB1*04:04:01	-0.074492	0.073924	429822
DRB1*15:01:01	0.783011	0.035351	429822
DRB1*01:03:01	0.302918	0.104758	429822
DRB1*11:01:01	-0.371383	0.084622	429822
DRB1*07:01:01	-0.21906	0.055187	429822
DRB1*04:01:01	-0.437771	0.052788	429822
DRB1*13:03:01	0.457576	0.145017	429822
DRB1*11:04:01	-0.709746	0.157689	429822
DRB1*03:147	-0.0176	0.056899	429822
DRB1*01:01:01	-0.204161	0.057328	429822
DRB1*03:01:01	-0.00949	0.073087	429822
DRB1*01:120	-0.488921	0.148685	429822
DRB1*13:02:01	-0.112852	0.07727	429822
DRB1*13:01:01	-0.276071	0.073786	429822
DRB1*09:01:02	-0.308279	0.147003	429822
DRB1*14:54:01	-0.517696	0.123897	429822
DRB1*12:01:01	-0.292739	0.131598	429822
DRB1*04:08:01	-0.260939	0.205727	429822
DRB1*08:01:01	-0.093807	0.154405	429822
DRB1*01:02:01	-0.297867	0.188609	429822
DRB1*10:01:01	0.119916	0.188821	429822
DRB1*04:05:01	-0.263058	0.211065	429822
DRB1*04:07:01	-0.15364	0.132615	429822
DRB1*08:77	0.295077	0.151542	429822
DQA1*05:01:01	0.219034	0.063191	429822
DQA1*01:02:01	0.635348	0.033116	429822
DQA1*01:01:01	-0.173036	0.049049	429822
DQA1*05:05:01	0.044811	0.083733	429822
DQA1*02:01:01	0.263733	0.068323	429822
DQA1*05:21	-0.036421	0.190091	429822
DQA1*01:03:01	-0.280471	0.064022	429822
DQA1*01:04:01	-0.525592	0.115606	429822
DQA1*01:46	0.245719	0.090778	429822
DQA1*01:02:02	0.071911	0.075132	429822
DQA1*01:01:02	-0.204678	0.162598	429822
DQA1*04:01:01	0.605346	0.179965	429822
DQA1*03:01:01	0.045711	0.13257	429822
DQA1*03:03:01	0.137642	0.129377	429822
DQB1*03:02:01	-0.098845	0.055339	429822
DQB1*06:02:01	0.696622	0.045811	429822
DQB1*05:01:01	-0.193146	0.063923	429822
DQB1*06:04:01	-0.267406	0.10636	429822
DQB1*02:01:01	0.130972	0.063171	429822
DQB1*06:03:01	-0.118473	0.078766	429822
DQB1*02:02:03	0.074936	0.111683	429822
DQB1*03:01:01	-0.178164	0.052042	429822
DQB1*03:03:02	-0.152847	0.083131	429822
DQB1*06:47	0.599208	0.086321	429822
DQB1*05:163	0.065552	0.098251	429822
DQB1*02:01:08	-0.068901	0.074963	429822
DQB1*02:02:01	-0.006601	0.080746	429822
DQB1*06:293	0.602716	0.096613	429822
DQB1*03:96	-0.535524	0.159504	429822
DQB1*05:03:01	-0.484101	0.129137	429822
DQB1*05:226	-0.471321	0.149018	429822
DQB1*06:376	0.96121	0.095865	429822
DQB1*06:44	-0.209495	0.149772	429822
DQB1*06:09:01	0.137614	0.156245	429822
DQB1*03:251	-0.509898	0.173745	429822
DQB1*05:02:01	-0.088938	0.184197	429822
DQB1*03:22:01	-0.430117	0.107298	429822
DQB1*04:02:01	0.290071	0.119331	429822
DQB1*02:80	-0.356222	0.135708	429822
DQB1*02:59	0.1629	0.1155	429822
DPB1*02:01:02	-0.11409	0.047445	429822
DPB1*04:01:01	0.033842	0.029292	429822
DPB1*01:01:01	-0.301119	0.06893	429822
DPB1*04:02:01	-0.105442	0.048719	429822
DPB1*10:01:01	0.066454	0.115651	429822
DPB1*06:01:01	0.020142	0.105329	429822
DPB1*03:01:01	0.126318	0.050843	429822
DPB1*104:01:01	0.388462	0.133532	429822
DPB1*17:01:01	-0.019737	0.147198	429822
DPB1*05:01:01	0.103919	0.104069	429822
DPB1*09:01:01	0.19768	0.18117	429822
DPB1*15:01:01	0.113468	0.175211	429822
DPB1*20:01:01	0.201304	0.186607	429822
DPB1*11:01:01	-0.189995	0.1067	429822
DPB1*13:01:01	-0.202695	0.124871	429822
DPB1*02:02:01	0.561693	0.147516	429822
DPB1*16:01:01	-0.229398	0.1779	429822
DPB1*14:01:01	0.189374	0.146969	429822
